0,1,2,3,4,5,6,7,8,9,10,11,12,13,14,15,16,17,18,19,20,21,22,23,24,25,26,27,28,29,30,31,32,33,34,35,36,37,38,39,40,41,42,43,44,45,46,47,48,49,50,51,52,53,54,55,56,57,58,59,60,61,62,63,64,65,66,67,68,69,70,71,72,73,74,75,76,77,78,79,80,81,82,83,84,85,86,87,88,89,90,91,92,93,94,95,96,97,98,99
"–õ–µ–∂–∞—â–∞—è –Ω–∞ –ø–æ–≤–µ—Ä—Ö–Ω–æ—Å—Ç–∏ –∏–¥–µ—è —Å–¥–µ–ª–∞—Ç—å –Ω–∞ –±–∞–∑–µ –º–∞—Ç—Ä–∏—Ü—ã ATT&CK —Ç–∞–∫—Å–æ–Ω–æ–º–∏—é –ø–æ–ø—ã—Ç–æ–∫ –º–æ—à–µ–Ω–Ω–∏—á–µ—Å—Ç–≤–∞. –í–æ—Ç –≤ –ø—Ä–æ–µ–∫—Ç–µ ATT&CK4FRAUD —ç—Ç—É –ø–æ–ø—ã—Ç–∫—É –ø–æ–ø—Ä–æ–±–æ–≤–∞–ª–∏ —Ä–µ–∞–ª–∏–∑–æ–≤–∞—Ç—å, –Ω–æ –Ω–µ –¥–æ–≤–µ–ª–∏ –¥–æ –∫–æ–Ω—Ü–∞...",–†–µ—Ü–µ–ø—Ç –∏–¥–µ–∞–ª—å–Ω–æ–≥–æ –¢–µ–ª–µ–≥—Ä–∞–º-–∫–∞–Ω–∞–ª–∞ –ø—Ä–æ –∫–∏–±–µ—Ä–±–µ–∑,"–ò—Å—Å–ª–µ–¥–æ–≤–∞—Ç–µ–ª–∏ –∏–∑ Wiz –æ–ø—É–±–ª–∏–∫–æ–≤–∞–ª–∏ –±–∞–∑—É –¥–∞–Ω–Ω—ã—Ö –∏–Ω—Ü–∏–¥–µ–Ω—Ç–æ–≤ Cloud Security ‚Äì Cloud Threat Landscape!

–ò–∑–Ω–∞—á–∞–ª—å–Ω–æ, –±–∞–∑–∞ –±—ã–ª–∞ –∏—Å–∫–ª—é—á–∏—Ç–µ–ª—å–Ω–æ –≤–Ω—É—Ç—Ä–µ–Ω–Ω–µ–π, —Å–æ–∑–¥–∞–≤–∞–ª–∞—Å—å –¥–ª—è –∞–Ω–∞–ª–∏—Ç–∏–∫–∏ —É–≥—Ä–æ–∑ –∏ –ø–æ–¥–¥–µ—Ä–∂–∏–≤–∞–ª–∞—Å—å —Å–æ–±—Å—Ç–≤–µ–Ω–Ω—ã–º–∏ —Å–∏–ª–∞–º–∏. –û–¥–Ω–∞–∫–æ, —ç—Ç—É –∫–ª–∞–¥–µ–∑—å –∑–Ω–∞–Ω–∏–π —Ä–µ—à–∏–ª–∏ –æ–ø—É–±–ª–∏–∫–æ–≤–∞—Ç—å. –ë–∞–∑–∞ —Å–æ–¥–µ—Ä–∂–∏—Ç –≤ —Å–µ–±–µ –±–æ–ª–µ–µ 100 –∑–∞–¥–æ–∫—É–º–µ–Ω—Ç–∏—Ä–æ–≤–∞–Ω–Ω—ã—Ö –∏–Ω—Ü–∏–¥–µ–Ω—Ç–æ–≤ –≤ –æ–±–ª–∞—Å—Ç–∏ Cloud Security, –ø—Ä–æ—Ñ–∏–ª–∏ –∑–ª–æ—É–º—ã—à–ª–µ–Ω–Ω–∏–∫–æ–≤, –∏—Å–ø–æ–ª—å–∑—É–µ–º—ã–µ –∏–º–∏ –∏–Ω—Å—Ç—Ä—É–º–µ–Ω—Ç—ã, —Ç–µ—Ö–Ω–∏–∫–∏ –∏ –º–∞–ø–ø–∏–Ω–≥ –Ω–∞ Mitre Tactic.

–ö—Å—Ç–∞—Ç–∏ –≥–æ–≤–æ—Ä—è, –µ—Å–ª–∏ –≤–µ—Ä–∏—Ç—å —ç—Ç–æ–π –±–∞–∑–µ, —Ç–æ Kubernetes —è–≤–ª—è–µ—Ç—Å—è most targeted —Ç–µ—Ö–Ω–æ–ª–æ–≥–∏–µ–π –∏–∑ –≤—Å–µ—Ö –ø—Ä–µ–¥—Å—Ç–∞–≤–ª–µ–Ω–Ω—ã—Ö —Ç–∞–º.

–ù–µ—Å–æ–º–Ω–µ–Ω–Ω–æ, —ç—Ç–æ—Ç —Ä–µ—Å—É—Ä—Å –±—É–¥–µ—Ç –ø–æ–ª–µ–∑–µ–Ω Threat Intelligence —Å–ø–µ—Ü–∏–∞–ª–∏—Å—Ç–∞–º, –∏–∑—É—á–∞—é—â–∏—Ö Cloud Threats, SOC –∞–Ω–∞–ª–∏—Ç–∏–∫–∞–º, –∏ –≤ —Ü–µ–ª–æ–º –≤—Å–µ–º, –∫—Ç–æ –ø–æ–≥—Ä—É–∂–µ–Ω –≤ —Ç–µ–º—É Cloud Security.",–†–∏–º–µ–π–∫ –Ω–∞ —Ä–∞–Ω–µ–µ –æ–ø—É–±–ª–∏–∫–æ–≤–∞–Ω–Ω–æ–µ –≤–∏–¥–µ–æ,"–í—Ä–µ–º—è –æ–≥–ª–∞—à–∞—Ç—å –∏—Ç–æ–≥–∏ –≥–æ–ª–æ—Å–æ–≤–∞–Ω–∏—è, –≥–æ—Å–ø–æ–¥–∞. –≠—Ç–æ –±—ã–ª–æ —Å–∞–º–æ–µ —Å–∫–∞–Ω–¥–∞–ª—å–Ω–æ–µ –≥–æ–ª–æ—Å–æ–≤–∞–Ω–∏–µ –ø–æ –∏—Ç–æ–≥–∞–º –≥–æ–¥–∞ –≤ –ò–ë-–æ—Ç—Ä–∞—Å–ª–∏ –Ω–∞ –º–æ–µ–π –ø–∞–º—è—Ç–∏. –ü–æ–¥ —Ñ–∏–Ω–∞–ª –≤—Å–µ –∑–∞–≤–µ—Ä—à–∏–ª–æ—Å—å –∫–∞–∫ –ø–ª–µ–π-–æ—Ñ—Ñ –ö–•–õ –Ω—É –∏–ª–∏ –æ–±—ã—á–Ω–æ–µ –∑–µ–ª–µ–Ω–æ–µ –¥–µ—Ä–±–∏ –º–µ–∂–¥—É —Ç–∞—Ç–∞—Ä—Å–∫–∏–º –ê–∫ –ë–∞—Ä—Å–æ–º –∏ –±–∞—à–∫–∏—Ä—Å–∫–∏–º –°–∞–ª–∞–≤–∞—Ç–æ–º –Æ–ª–∞–µ–≤—ã–º, —Ç–æ–ª—å–∫–æ —Ü–≤–µ—Ç –±—ã–ª –∫—Ä–∞—Å–Ω—ã–πüü•. 

–¢—Ä–æ–π–∫–∏ –ø–æ–±–µ–¥–∏—Ç–µ–ª–µ–π, –Ω–∞–±—Ä–∞–≤—à–∏—Ö –±–æ–ª—å—à–µ –≤—Å–µ–≥–æ –≥–æ–ª–æ—Å–æ–≤ –≤ –Ω–æ–º–∏–Ω–∞—Ü–∏—è—Ö: 

¬´–ò–ë-—Ç–µ–ª–µ–≥—Ä–∞–º –∫–∞–Ω–∞–ª –≥–æ–¥–∞¬ª

1 –º–µ—Å—Ç–æ ‚Äî –ü–æ—Å—Ç –õ—É–∫–∞—Ü–∫–æ–≥–æ
2 –º–µ—Å—Ç–æ ‚Äî Secator
3 –º–µ—Å—Ç–æ ‚Äî Security Lab 

¬´–ò–ë-–º–µ—Ä–æ–ø—Ä–∏—è—Ç–∏–µ –≥–æ–¥–∞¬ª

1 –º–µ—Å—Ç–æ ‚Äî SOC —Ñ–æ—Ä—É–º 
2 –º–µ—Å—Ç–æ ‚Äî Positive Hack days 
3 –º–µ—Å—Ç–æ ‚Äî Positive Security days 

¬´–ò–ë-–ø—Ä–æ–µ–∫—Ç –≥–æ–¥–∞¬ª 

1 –º–µ—Å—Ç–æ ‚Äî MTC RED ASOC 
2 –º–µ—Å—Ç–æ ‚Äî Positive Technologies NGFW 
3 –º–µ—Å—Ç–æ ‚Äî –æ–Ω–ª–∞–π–Ω –∫–∏–±–µ—Ä–ø–æ–ª–∏–≥–æ–Ω Standoff 365 

¬´–ò–ë-–∫–æ–º–ø–∞–Ω–∏—è –≥–æ–¥–∞¬ª 

1 –º–µ—Å—Ç–æ ‚Äî MTC RED 
2 –º–µ—Å—Ç–æ ‚Äî Positive Technologies 
3 –º–µ—Å—Ç–æ ‚Äî –°–æ–ª–∞—Ä. 

–°–æ–≥–ª–∞—Å–µ–Ω —Å —Ä–µ–∑—É–ª—å—Ç–∞—Ç–∞–º–∏ ‚Äî —Å—Ç–∞–≤—å ‚ù§Ô∏è, –Ω–µ —Å–æ–≥–ª–∞—Å–µ–Ω ‚Äî üóø

@cybersachok","Hive Systems –±–æ–ª—å—à–µ –∏–∑–≤–µ—Å—Ç–Ω–∞ –Ω–µ —Å–≤–æ–∏–º–∏ —Ä–µ—à–µ–Ω–∏—è–º–∏ –ø–æ –ò–ë, –∞ –µ–∂–µ–≥–æ–¥–Ω–æ –ø—É–±–ª–∏–∫—É–µ–º–æ–π —Ç–∞–±–ª–∏—Ü–µ–π –Ω–∞–¥–µ–∂–Ω–æ—Å—Ç–∏ –ø–∞—Ä–æ–ª–µ–π. –í —ç—Ç–æ–º –≥–æ–¥—É –æ–Ω–∏ —Ç–∞–∫–∂–µ –ø—Ä–æ–≤–µ–ª–∏ –∞–Ω–∞–ª–∏–∑ –≤–æ—Å–ø—Ä–∏—è—Ç–∏—è –∏–Ω—Ü–∏–¥–µ–Ω—Ç–æ–≤ –ò–ë –∏ —É—Ç–µ—á–µ–∫ –¥–∞–Ω–Ω—ã—Ö. –ò–º–µ–Ω–Ω–æ –≤–æ—Å–ø—Ä–∏—è—Ç–∏—è, –∞ –Ω–µ —Ä–µ–∞–ª—å–Ω—ã—Ö –∏–Ω—Ü–∏–¥–µ–Ω—Ç–æ–≤. –ó–∞ –æ—Å–Ω–æ–≤—É –≤ Hive Systems –≤–∑—è–ª–∏ –¥–∞–Ω–Ω—ã–µ –ø–æ –∏–Ω—Ü–∏–¥–µ–Ω—Ç–∞–º –∏ —É—Ç–µ—á–∫–∞–º –∏–∑ DBIR –∏ —Å—Ä–∞–≤–Ω–∏–ª–∏ —Å —Ç–µ–º, —á—Ç–æ –ø–∏—à—É—Ç –≤ –°–ú–ò (–≤—ã–±—Ä–∞–≤ —Ç–æ–ª—å–∫–æ –∞–º–µ—Ä–∏–∫–∞–Ω—Å–∫—É—é NYT –∏ –µ–≤—Ä–æ–ø–µ–π—Å–∫—É—é Guardian), –≤ –ø–æ–∏—Å–∫–æ–≤–æ–π —Å–∏—Å—Ç–µ–º–µ Google –∏ –≤ –Ω–∞—É—á–Ω—ã—Ö –ø—É–±–ª–∏–∫–∞—Ü–∏—è—Ö.

–ò–Ω—Ç–µ—Ä–µ—Å–Ω—ã–π –ø–æ–¥—Ö–æ–¥, –∫–æ—Ç–æ—Ä—ã–π –ø—Ä–∏ –ø—Ä–∞–≤–∏–ª—å–Ω–æ–º –∏—Å–ø–æ–ª—å–∑–æ–≤–∞–Ω–∏–∏ –º–æ–∂–µ—Ç –ø–æ–∫–∞–∑–∞—Ç—å, –Ω–∞—Å–∫–æ–ª—å–∫–æ —Ä–µ–∞–ª—å–Ω–∞—è –∂–∏–∑–Ω—å –æ—Ç–ª–∏—á–∞–µ—Ç—Å—è –æ—Ç —Ç–æ–≥–æ, –∫–∞–∫ –µ–µ —Ä–∏—Å—É—é—Ç –°–ú–ò –∏ –ø–æ–∏—Å–∫–æ–≤—ã–µ —Å–∏—Å—Ç–µ–º—ã. –î–∞–∂–µ –ø–æ –ø—Ä–∏–≤–µ–¥–µ–Ω–Ω–æ–π –∫–∞—Ä—Ç–∏–Ω–∫–µ –ø–æ–Ω—è—Ç–Ω–æ, —á—Ç–æ –æ—Ç–ª–∏—á–∏—è –µ—Å—Ç—å –∏ —Å—É—â–µ—Å—Ç–≤–µ–Ω–Ω—ã–µ. Google, –Ω–∞–ø—Ä–∏–º–µ—Ä, –ø–æ—á—Ç–∏ –Ω–µ —É–ø–æ–º–∏–Ω–∞–µ—Ç –∞—Ç–∞–∫ –Ω–∞ web-–ø—Ä–∏–ª–æ–∂–µ–Ω–∏—è –∏ —Å–∞–π—Ç—ã, –∞ –∞–∫–∞–¥–µ–º–∏—á–µ—Å–∫–∏–µ –∏—Å—Ç–æ—á–Ω–∏–∫–∏ –±–æ–ª—å—à–µ –ø–∏—à—É—Ç –ø—Ä–æ DDoS, —á–µ–º –µ–≥–æ –µ—Å—Ç—å –≤ –Ω–∞—à–µ–π –∂–∏–∑–Ω–∏. NYT –ø—ã—Ç–∞–µ—Ç—Å—è —Å–æ–±–ª—é–¥–∞—Ç—å –ø–∞—Ä–∏—Ç–µ—Ç, –Ω–æ —Ç–æ–∂–µ –Ω–µ –≤—Å–µ–≥–¥–∞, - –∑–∞–±—ã–≤–∞–µ—Ç –ø—Ä–æ —É–∫—Ä–∞–¥–µ–Ω–Ω—ã–µ –∏–ª–∏ —É—Ç–µ—Ä—è–Ω–Ω—ã–µ –∞–∫—Ç–∏–≤—ã (–ü–ö, –¥–∞–Ω–Ω—ã–µ –∏ —Ç.–ø.). –ê –≤–æ—Ç –±—Ä–∏—Ç–∞–Ω—Å–∫–∞—è Guardian –≤–æ–æ–±—â–µ —Å—Ñ–æ–∫—É—Å–∏—Ä–æ–≤–∞–ª–∞—Å—å –Ω–∞ —Ç—Ä–µ—Ö —Ç–∏–ø–∞—Ö –∏–Ω—Ü–∏–¥–µ–Ω—Ç–æ–≤.

–≠—Ç–æ –∫ —Ä–∞–∑–≥–æ–≤–æ—Ä—É –æ —Ç–æ–º, –Ω–∞—Å–∫–æ–ª—å–∫–æ –º–æ–∂–Ω–æ –æ—Ü–µ–Ω–∏–≤–∞—Ç—å –∞–∫—Ç—É–∞–ª—å–Ω–æ—Å—Ç—å —É–≥—Ä–æ–∑ –ø–æ –°–ú–ò –∏ –ø–æ–∏—Å–∫–æ–≤—ã–º —Å–∏—Å—Ç–µ–º–∞–º. –ù–µ–ª—å–∑—è. –ê–≤—Ç–æ—Ä—ã, –∫—Å—Ç–∞—Ç–∏, —Å–∞–º–∏ –ø–∏—à—É—Ç –≤ —Ä–∞–∑–¥–µ–ª–µ –æ–≥—Ä–∞–Ω–∏—á–µ–Ω–∏–π, —á—Ç–æ —Å—Ç—Ä–æ–∏—Ç—å –≤—ã–≤–æ–¥—ã –Ω–∞ –∏—Ö –∞–Ω–∞–ª–∏–∑–µ –Ω–µ–ª—å–∑—è, —Ç–∞–∫ –∫–∞–∫ –æ–Ω –Ω–µ—Ä–µ–ø—Ä–µ–∑–µ–Ω—Ç–∞—Ç–∏–≤–µ–Ω –∏ –º–Ω–æ–≥–æ–≥–æ –Ω–µ —É—á–∏—Ç—ã–≤–∞–µ—Ç. –ù–æ –≤ —Ü–µ–ª–æ–º, –≤—Å–µ —Ä–∞–≤–Ω–æ, –∏–Ω—Ç–µ—Ä–µ—Å–Ω—ã–π –∞–Ω–∞–ª–∏–∑.","–°–∫—Ä–æ–º–Ω–µ–Ω—å–∫–∞—è, –ø–æ—á—Ç–∏ –¥–≤—É—Ö—Å–æ—Ç—Å—Ç—Ä–∞–Ω–∏—á–Ω–∞—è –ø—Ä–µ–∑–µ–Ω—Ç–∞—Ü–∏—è —Å –∞–Ω–∞–ª–∏–∑–æ–º –∏—Å–ø–æ–ª—å–∑–æ–≤–∞–Ω–∏—è –ª–µ–≥–∏—Ç–∏–º–Ω—ã—Ö –∫–æ–º–º–µ—Ä—á–µ—Å–∫–∏—Ö —Å—Ä–µ–¥—Å—Ç–≤ —É–¥–∞–ª–µ–Ω–Ω–æ–≥–æ –¥–æ—Å—Ç—É–ø–∞ (AnyDesk, TeamViewer, ConnectWise, FileZilla, WinSCP –∏ —Ç.–ø.) –≤ –¥–µ—è—Ç–µ–ª—å–Ω–æ—Å—Ç–∏ —Ö–∞–∫–µ—Ä–æ–≤. –ê—Ä—Ç–µ—Ñ–∞–∫—Ç—ã, –∏–Ω–¥–∏–∫–∞—Ç–æ—Ä—ã, –ø—Ä–∏–º–µ—Ä—ã...

#soctech","3 –Ω–æ—è–±—Ä—è –ø—Ä–æ–∏–∑–≤–æ–¥–∏—Ç–µ–ª—å –æ–±–ª–∞—á–Ω–æ–π SIEM –∫–æ–º–ø–∞–Ω–∏—è Sumo Logic —Å—Ç–æ–ª–∫–Ω—É–ª—Å—è —Å –∏–Ω—Ü–∏–¥–µ–Ω—Ç–æ–º, –≤ —Ä–∞–º–∫–∞—Ö –∫–æ—Ç–æ—Ä–æ–≥–æ –Ω–µ–Ω–∞–∑–≤–∞–Ω–Ω–æ–µ –ª–∏—Ü–æ —Å –ø–æ–º–æ—â—å—é —Å–∫–æ–º–ø—Ä–æ–º–µ—Ç–∏—Ä–æ–≤–∞–Ω–Ω–æ–π —É—á–µ—Ç–Ω–æ–π –∑–∞–ø–∏—Å–∏ –ø–æ–ª—É—á–∏–ª–æ –¥–æ—Å—Ç—É–ø –∫ —É—á–µ—Ç–∫–µ Sumo Logic –≤ –æ–±–ª–∞–∫–µ AWS. –ö–ª–∏–µ–Ω—Ç—ã –Ω–µ –ø–æ—Å—Ç—Ä–∞–¥–∞–ª–∏, –∏—Ö –¥–∞–Ω–Ω—ã–µ –±—ã–ª–∏ –∑–∞—à–∏—Ñ—Ä–æ–≤–∞–Ω—ã –∏ –Ω–∞–¥–µ–∂–Ω–æ –∑–∞—â–∏—â–µ–Ω—ã. 7-–≥–æ –Ω–æ—è–±—Ä—è –∫–æ–º–ø–∞–Ω–∏—è –æ–ø–æ–≤–µ—Å—Ç–∏–ª–∞ –æ–± —ç—Ç–æ–º —Å–≤–æ–∏—Ö –∫–ª–∏–µ–Ω—Ç–æ–≤. 8-–≥–æ Sumo Logic –æ–±—ä—è–≤–∏–ª–∞, —á—Ç–æ –º–∞—Å—à—Ç–∞–± –∏–Ω—Ü–∏–¥–µ–Ω—Ç–∞ –±—ã–ª –Ω–µ–º–Ω–æ–≥–æ –ø—Ä–µ—É–≤–µ–ª–∏—á–µ–Ω, –∞ 9-–≥–æ –±—ã–ª –æ–ø—É–±–ª–∏–∫–æ–≤–∞–Ω —Å–æ–æ—Ç–≤–µ—Ç—Å—Ç–≤—É—é—â–∏–π playbook –¥–ª—è –∫–ª–∏–µ–Ω—Ç–æ–≤, –∫–æ—Ç–æ—Ä—ã–º –ø–æ—Å–æ–≤–µ—Ç–æ–≤–∞–ª–∏ –æ–±–Ω—É–ª–∏—Ç—å –∏ –ø–æ–º–µ–Ω—è—Ç—å API-–∫–ª—é—á–∏ –¥–ª—è —Ä–∞–±–æ—Ç—ã —Å –æ–±–ª–∞—á–Ω–æ–π –ø–ª–∞—Ç—Ñ–æ—Ä–º–æ–π.

–ò–∑ –∏–Ω—Ç–µ—Ä–µ—Å–Ω–æ–≥–æ: —Å—Ä–µ–¥–∏ –∫–ª–∏–µ–Ω—Ç–æ–≤ Sumo Logic –∏ –ø–æ—Å—Ç—Ä–∞–¥–∞–≤—à–∏–µ –Ω–µ–¥–∞–≤–Ω–æ 23andMe –∏ Okta.

#soctech",–ù—É –∏ —Å–∞–º –æ—Ç—á–µ—Ç TAdviser,"–ù—É –∏ –¥–æ–±—å–µ–º —ç—Ç—É –∞—Ä–∞–±—Å–∫—É—é –Ω–µ–¥–µ–ª—é –µ—â–µ –Ω–µ—Å–∫–æ–ª—å–∫–∏–º–∏ –¥–æ–∫—É–º–µ–Ω—Ç–∞–º–∏ –æ—Ç –°–æ–≤–µ—Ç–∞ –ø–æ –∫–∏–±–µ—Ä–±–µ–∑–æ–ø–∞—Å–Ω–æ—Å—Ç–∏ –û–ê–≠. –ù–∞–ø—Ä–∏–º–µ—Ä, –≥–æ—Å—É–¥–∞—Ä—Å—Ç–≤–µ–Ω–Ω–æ–π –ø–æ–ª–∏—Ç–∏–∫–æ–π –ø–æ –±–µ–∑–æ–ø–∞—Å–Ω–æ—Å—Ç–∏ IoT. –≠—Ç–æ—Ç –¥–æ–∫—É–º–µ–Ω—Ç –æ–ø–∏—Å—ã–≤–∞–µ—Ç –º–µ—Ä—ã, –∫–æ—Ç–æ—Ä—ã–µ –¥–æ–ª–∂–Ω—ã –±—ã—Ç—å —Ä–µ–∞–ª–∏–∑–æ–≤–∞–Ω—ã –Ω–∞ —Å—Ç–æ—Ä–æ–Ω–µ –ø—Ä–æ–≤–∞–π–¥–µ—Ä–∞ IoT-—É—Å–ª—É–≥ –∏ –ø–æ–ª—å–∑–æ–≤–∞—Ç–µ–ª—è IoT-—É—Å—Ç—Ä–æ–π—Å—Ç–≤. –ü—Ä–∏—á–µ–º –æ–ø–∏—Å–∞–Ω–æ –¥–æ—Å—Ç–∞—Ç–æ—á–Ω–æ –ø–æ–Ω—è—Ç–Ω–æ, —á–µ—Ç–∫–æ –∏ –±–µ–∑ —Ä–∞—Å—Ç–µ–∫–∞–Ω–∏—è –ø–æ –¥—Ä–µ–≤—É. –î–ª—è –≤—ã—Å–æ–∫–æ—É—Ä–æ–≤–Ω–µ–≤–æ–≥–æ –¥–æ–∫—É–º–µ–Ω—Ç–∞ –æ—á–µ–Ω—å –Ω–µ–ø–ª–æ—Ö–æ. –ü–æ—Ç–æ–º —É–∂–µ –Ω–∞ –µ–≥–æ –æ—Å–Ω–æ–≤–µ –º–æ–∂–Ω–æ —Å—Ç—Ä–æ–∏—Ç—å –¥–æ–∫—É–º–µ–Ω—Ç—ã –ø–æ–¥ –∫–æ–Ω–∫—Ä–µ—Ç–Ω—ã–π —Ç–∏–ø IoT-—É—Å—Ç—Ä–æ–π—Å—Ç–≤–∞ - –ø—ã–ª–µ—Å–æ—Å, –∞–≤—Ç–æ–º–æ–±–∏–ª—å, –∫–æ—Ñ–µ-–º–∞—à–∏–Ω—É, —Å—Ç–µ–ª—å–∫–∏, –±—é—Å—Ç–≥–∞–ª—å—Ç–µ—Ä, —Ç–∞–±–ª–µ—Ç–Ω–∏—Ü—É –∏ —Ç.–ø.","–ö—Ç–æ –±—ã –º–æ–≥ –ø–æ–¥—É–º–∞—Ç—å, —á—Ç–æ –¥–µ–ø—É—Ç–∞—Ç—ã-—á–ª–µ–Ω—ã –∫–æ–º–∏—Ç–µ—Ç–∞ –ì–î –ø–æ –ò–¢ —Ç–∞–∫ –ø—Ä—è–º–æ –≤–æ—Å–ø—Ä–∏–º—É—Ç –∏–¥–µ–∏ –æ–± –∏—Å–ø–æ–ª—å–∑–æ–≤–∞–Ω–∏–∏ –∫—Ä–µ—Å—Ç–∞ –∏ —Å–≤—è—Ç–æ–π –≤–æ–¥—ã –¥–ª—è —É–ª—É—á—à–µ–Ω–∏—è –∫–∏–±–µ—Ä–±–µ–∑–∞ –≤ —Å—Ç—Ä–∞–Ω–µ.","–°–∫–æ–ª—å–∫–æ –±—ã —à—Ç–∞–±–Ω—ã—Ö –∫–∏–±–µ—Ä—É—á–µ–Ω–∏–π —è –Ω–µ –ø—Ä–æ–≤–æ–¥–∏–ª, –ø–æ—á—Ç–∏ –≤—Å–µ–≥–¥–∞ –≤–∏–∂—É –æ–¥–Ω–æ –∏ —Ç–æ–∂–µ, - –æ—Ç—Å—É—Ç—Å—Ç–≤–∏–µ —Ä–µ–∞–ª—å–Ω–æ–≥–æ –ø–ª–∞–Ω–∞ —Ä–µ–∞–≥–∏—Ä–æ–≤–∞–Ω–∏—è –Ω–∞ –∏–Ω—Ü–∏–¥–µ–Ω—Ç—ã –≤ –æ—Ä–≥–∞–Ω–∏–∑–∞—Ü–∏—è—Ö. –ó–Ω–∞–∫–æ–º—ã–µ –∏ —Ç–∏–ø–æ–≤—ã–µ —Å–∏—Ç—É–∞—Ü–∏–∏ –æ—Ç—Ä–∞–±–∞—Ç—ã–≤–∞—é—Ç—Å—è –¥–æ—Å—Ç–∞—Ç–æ—á–Ω–æ –Ω–µ–ø–ª–æ—Ö–æ - –¥–æ—Å—Ç–∞—Ç–æ—á–Ω–æ –ø—Ä–æ—Å—Ç–æ –∏–º–µ—Ç—å –æ–±—â–∏–µ –∑–Ω–∞–Ω–∏—è –≤ –ò–ë. –ê —Å—Ç–æ–∏—Ç –∫–æ–ø–Ω—É—Ç—å —á—É—Ç—å –≥–ª—É–±–∂–µ, –≤—ã–π—Ç–∏ –∑–∞ —Ä–∞–º–∫–∏ —Ç–∏–ø–∏—á–Ω—ã—Ö –∏ –º–∞—Å—Å–æ–≤—ã—Ö –∏—Å—Ç–æ—Ä–∏–π, –∞ —Ç–æ –∏ –≤–æ–≤—Å–µ –¥–∞—Ç—å –Ω–∞ –≤—Ö–æ–¥ –Ω–µ—Å—Ç–∞–Ω–¥–∞—Ä—Ç–Ω—ã–π –∫–µ–π—Å, –∏ –≤—Å–µ, –ø–∏—à–∏ –ø—Ä–æ–ø–∞–ª–æ. –ò–Ω–æ–≥–¥–∞ –µ—â–µ –º–æ–∂–Ω–æ –≤—ã–µ—Ö–∞—Ç—å –Ω–∞ –ø—Ä–∞–∫—Ç–∏—á–µ—Å–∫–æ–º –æ–ø—ã—Ç–µ, –Ω–æ –¥–∞–ª–µ–∫–æ –Ω–µ –≤—Å–µ–≥–¥–∞. –í–µ–¥—å —á–µ–º –ø–ª–∞–Ω –æ—Ç–ª–∏—á–∞–µ—Ç—Å—è –æ—Ç –æ–±—ã—á–Ω–æ–π —Ä—É—Ç–∏–Ω—ã? –ß–µ—Ç–∫–æ–µ —Å–ª–µ–¥–æ–≤–∞–Ω–∏–µ –ø—Ä–æ—Ü–µ–¥—É—Ä–µ ""1-2-3"" - –Ω–∏–∫–∞–∫–∏—Ö —à–∞–≥–æ–≤ –≤ —Å—Ç–æ—Ä–æ–Ω—É. –ò –≤–æ—Ç —ç—Ç–æ–≥–æ –Ω–µ —Ö–≤–∞—Ç–∞–µ—Ç.","–°—Ç—Ä–∞–Ω–Ω–æ–µ –º–µ—Ä–æ–ø—Ä–∏—è—Ç–∏–µ. –Ø –ø—Ä–æ –Ω–µ–≥–æ —É—Å–ª—ã—à–∞–ª –ø–µ—Ä–≤—ã–π —Ä–∞–∑, –∞ –Ω–∞ –Ω–µ–º –æ–∂–∏–¥–∞–µ—Ç—Å—è 2000 —á–µ–ª–æ–≤–µ–∫. –ò —ç—Ç–æ –Ω–µ –ú–æ—Å–∫–≤–∞. –ê –µ—â–µ —É—á–∞—Å—Ç–Ω–∏–∫–∏ –∏–∑ 12 —Å—Ç—Ä–∞–Ω, —á—Ç–æ –±—É–¥–µ—Ç –ø–æ–∫—Ä—É—á–µ –ü–ú–≠–§ –∏ –í–≠–§. –ù–æ –ø—Ä–æ–≥—Ä–∞–º–º—ã –Ω–µ—Ç, —Ö–æ—Ç—è –¥–æ –º–µ—Ä–æ–ø—Ä–∏—è—Ç–∏—è –º–µ–Ω—å—à–µ –º–µ—Å—è—Ü–∞. –ò —Ç–æ–ª—å–∫–æ —Å—Ç—Ä–∞–Ω–Ω—ã–µ –æ—Ä–≥–∞–Ω–∏–∑–∞—Ç–æ—Ä—ã (–Ω–∏–∫–æ–≥–æ –æ—Ç –ò–ë) –∏ –Ω–∞–∑–≤–∞–Ω–∏–µ –ù–ö–¶–ö–ò–ò —Å—Ä–µ–¥–∏ –∫–ª—é—á–µ–≤—ã—Ö —É—á–∞—Å—Ç–Ω–∏–∫–æ–≤ –≤—ã–¥–∞–≤–∞–ª–æ —Å—Ç—Ä–∞–Ω–Ω–æ—Å—Ç—å. –•–æ—Ç—è –Ω–∞ —Ñ–∏—à–∏–Ω–≥ —Ç–æ–∂–µ –ø–æ—Ö–æ–∂–µ. –í –ø–æ—Å–ª–µ–¥–Ω–µ–µ –≤—Ä–µ–º—è —á–∏—Å–ª–æ –∞—Ç–∞–∫ –Ω–∞ —Å–ø–µ—Ü–∏–∞–ª–∏—Å—Ç–æ–≤ –ø–æ –ò–ë –≤—ã—Ä–æ—Å–ª–æ; –º–æ–∂–µ—Ç –∏ —ç—Ç–æ —Ç–æ–∂–µ –æ–¥–∏–Ω –∏–∑ –≤–∞—Ä–∏–∞–Ω—Ç–æ–≤ —Ç–∞–∫–æ–π –∞—Ç–∞–∫–∏? –ù–æ –≤—Ä–æ–¥–µ –Ω–µ—Ç - —Å–∞–π—Ç —á–∏—Å—Ç—ã–π –∏ –¥–∞–∂–µ —Å–∏–º–ø–∞—Ç–∏—á–Ω—ã–π. –í –æ–±—â–µ–º, –≤—Å–µ —Å—Ç—Ä–∞–Ω–Ω–æ –∫–∞–∫-—Ç–æ.","ü§≠ –û —á–µ–º –±—É–¥—É—Ç –≥–æ–≤–æ—Ä–∏—Ç—å –Ω–∞—à–∏ —ç–∫—Å–ø–µ—Ä—Ç—ã –Ω–∞ IT-–ø–∏–∫–Ω–∏–∫–µ? –û—Ç–º–µ—á–∞–π—Ç–µ –∏–Ω—Ç–µ—Ä–µ—Å–Ω—ã–µ –ø—É–Ω–∫—Ç—ã –∏ –Ω–µ –æ–ø–∞–∑–¥—ã–≤–∞–π—Ç–µ.

–ù–∞—á–Ω–µ–º —Å –æ–±—â–µ–π –ø—Ä–æ–≥—Ä–∞–º–º—ã. –í 17:00 –î–µ–Ω–∏—Å –ö–æ—Ä–∞–±–ª–µ–≤, —É–ø—Ä–∞–≤–ª—è—é—â–∏–π –¥–∏—Ä–µ–∫—Ç–æ—Ä, –¥–∏—Ä–µ–∫—Ç–æ—Ä –ø–æ –ø—Ä–æ–¥—É–∫—Ç–∞–º Positive Technologies, –ø—Ä–∏–º–µ—Ç —É—á–∞—Å—Ç–∏–µ –≤ –¥–∏—Å–∫—É—Å—Å–∏–∏ ¬´–ò–ë –ø—Ä–æ—Ç–∏–≤ IT¬ª.

–° 12:30 –¥–æ 18:00 –∑–∞–≥–ª—è–¥—ã–≤–∞–π—Ç–µ –≤ –Ω–∞—à –Ω–∞—É—á–ø–æ–ø-–ª–µ–∫—Ç–æ—Ä–∏–π.

12:30‚Äì13:00 ¬´–ö–∞–∫ —Å–æ–∑–¥–∞–≤–∞—Ç—å –ø—Ä–æ–¥—É–∫—Ç—ã, –¥–µ–ª–∞—é—â–∏–µ –∫–æ–º–ø–∞–Ω–∏–∏ –Ω–µ—É—è–∑–≤–∏–º—ã–º–∏ –∫ –∫–∏–±–µ—Ä–∞—Ç–∞–∫–∞–º¬ª
–ú–∏—Ö–∞–∏–ª –ö–æ–∑–ª–æ–≤, —Ä—É–∫–æ–≤–æ–¥–∏—Ç–µ–ª—å –ø—Ä–æ–¥—É–∫—Ç–∞ MaxPatrol VM

13:00‚Äì13:30 ¬´–ó–∞—á–µ–º –∞–π—Ç–∏—à–Ω–∏–∫—É –ª–∏—á–Ω—ã–π –±—Ä–µ–Ω–¥¬ª
–ê–ª–µ–∫—Å–∞–Ω–¥—Ä –¶—ã–ø–∫–∏–Ω, –∏–∑–≤–µ—Å—Ç–Ω—ã–π –ø–∏—Å–∞—Ç–µ–ª—å, –¥—Ä–∞–º–∞—Ç—É—Ä–≥, –ø—É–±–ª–∏—Ü–∏—Å—Ç, —ç–∫—Å–ø–µ—Ä—Ç –ø–æ —Å—Ç—Ä–∞—Ç–µ–≥–∏—á–µ—Å–∫–∏–º –∫–æ–º–º—É–Ω–∏–∫–∞—Ü–∏—è–º

13:30‚Äì14:00 ¬´–ö–∞–∫ –ø–æ–π–º–∞—Ç—å —Ö–∞–∫–µ—Ä–∞ —Å –ø–æ–º–æ—â—å—é –∏—Å–∫—É—Å—Å—Ç–≤–µ–Ω–Ω–æ–≥–æ –∏–Ω—Ç–µ–ª–ª–µ–∫—Ç–∞¬ª
–ê–ª–µ–∫—Å–∞–Ω–¥—Ä–∞ –ú—É—Ä–∑–∏–Ω–∞, —Ä—É–∫–æ–≤–æ–¥–∏—Ç–µ–ª—å –æ—Ç–¥–µ–ª–∞ –ø–µ—Ä—Å–ø–µ–∫—Ç–∏–≤–Ω—ã—Ö —Ç–µ—Ö–Ω–æ–ª–æ–≥–∏–π

14:00‚Äì14:30 ¬´–ö–∞–∫ —É—Å—Ç—Ä–æ–µ–Ω –º–∏—Ä –≤–æ–∫—Ä—É–≥ –Ω–∞—Å: —Ä–µ–≤–µ—Ä—Å-–∏–Ω–∂–∏–Ω–∏—Ä–∏–Ω–≥ embedded-—É—Å—Ç—Ä–æ–π—Å—Ç–≤¬ª
–ê–ª–µ–∫—Å–µ–π –£—Å–∞–Ω–æ–≤, —Ä—É–∫–æ–≤–æ–¥–∏—Ç–µ–ª—å –Ω–∞–ø—Ä–∞–≤–ª–µ–Ω–∏—è –∏—Å—Å–ª–µ–¥–æ–≤–∞–Ω–∏–π –±–µ–∑–æ–ø–∞—Å–Ω–æ—Å—Ç–∏ –∞–ø–ø–∞—Ä–∞—Ç–Ω—ã—Ö —Ä–µ—à–µ–Ω–∏–π

14:30‚Äì15:00 ¬´–ö–∏–±–µ—Ä–±–µ–∑–æ–ø–∞—Å–Ω—ã–µ –∏–Ω–≤–µ—Å—Ç–∏—Ü–∏–∏: –ø–æ–∑–∏—Ç–∏–≤–Ω–∞—è –∏—Å—Ç–æ—Ä–∏—è —Ä–æ—Å—Ç–∞¬ª
–Æ—Ä–∏–π –ú–∞—Ä–∏–Ω–∏—á–µ–≤, –¥–∏—Ä–µ–∫—Ç–æ—Ä –ø–æ —Å–≤—è–∑—è–º —Å –∏–Ω–≤–µ—Å—Ç–æ—Ä–∞–º–∏

15:00‚Äì15:30 ¬´–ü—Ä–µ—Å—Ç—É–ø–ª–µ–Ω–∏—è –≤ open source: —Ä–∞—Å—Å–ª–µ–¥—É–µ–º —Ç—Ä–æ—è–Ω—ã –≤ Python Package Index¬ª
–°—Ç–∞–Ω–∏—Å–ª–∞–≤ –†–∞–∫–æ–≤—Å–∫–∏–π, —Å—Ç–∞—Ä—à–∏–π —Å–ø–µ—Ü–∏–∞–ª–∏—Å—Ç –æ—Ç–¥–µ–ª–∞ –∏—Å—Å–ª–µ–¥–æ–≤–∞–Ω–∏—è —É–≥—Ä–æ–∑ –ò–ë

15:30‚Äì16:00 ¬´–ö–∞–∫ –ø–æ—Ç–µ—Ä—è—Ç—å –≥–æ–¥–æ–≤–æ–π –±—é–¥–∂–µ—Ç –∫–æ–º–ø–∞–Ω–∏–∏ –∏–∑-–∑–∞ –æ–¥–Ω–æ–π –æ—à–∏–±–∫–∏ –≤ –∫–æ–¥–µ¬ª 
–ê–Ω—Ç–æ–Ω –í–æ–ª–æ–¥—á–µ–Ω–∫–æ, —Ä—É–∫–æ–≤–æ–¥–∏—Ç–µ–ª—å –ø—Ä–æ–¥—É–∫—Ç–∞ PT Application Inspector
–°–≤–µ—Ç–ª–∞–Ω–∞ –ì–∞–∑–∏–∑–æ–≤–∞, —Ä—É–∫–æ–≤–æ–¥–∏—Ç–µ–ª—å –Ω–∞–ø—Ä–∞–≤–ª–µ–Ω–∏—è –∞—É–¥–∏—Ç–∞ –±–µ–∑–æ–ø–∞—Å–Ω–æ–π —Ä–∞–∑—Ä–∞–±–æ—Ç–∫–∏, Swordfish Security

16:00‚Äì16:30 ¬´–ü–∞—Ä–æ–ª—å: N4G0R5HK3S!D1TK0R0L. –ß—Ç–æ —Ö–∞–∫–µ—Ä–∞–º –∏–∑–≤–µ—Å—Ç–Ω–æ –æ –ø–∞—Ä–æ–ª—è—Ö¬ª
–ù–∏–∫–æ–ª–∞–π –ê–Ω–∏—Å–µ–Ω—è, —Ä—É–∫–æ–≤–æ–¥–∏—Ç–µ–ª—å –æ—Ç–¥–µ–ª–∞ –ø–µ—Ä—Å–ø–µ–∫—Ç–∏–≤–Ω—ã—Ö —Ç–µ—Ö–Ω–æ–ª–æ–≥–∏–π

16:30‚Äì17:00 ¬´–ö–∞–∫ –∑–∞—Ä–∞–±–æ—Ç–∞—Ç—å –Ω–∞ –∏–ø–æ—Ç–µ–∫—É, –∏–ª–∏ –í–∫–∞—Ç—ã–≤–∞–µ–º—Å—è –≤ bug bounty¬ª 
–ê–Ω–∞—Ç–æ–ª–∏–π –ò–≤–∞–Ω–æ–≤, —Ä—É–∫–æ–≤–æ–¥–∏—Ç–µ–ª—å –ø–ª–∞—Ç—Ñ–æ—Ä–º—ã Standoff 365 Bug Bounty

17:00‚Äì17:30 ¬´–ù–µ–π—Ä–æ—Å–µ—Ç–∏ –≤ –∞—Ç–∞–∫–µ –∏ –Ω–∞ –∑–∞—â–∏—Ç–µ Web3¬ª
–ê–Ω–¥—Ä–µ–π –ë–µ–∑—Ä—è–¥–∏–Ω, —ç–∫—Å–ø–µ—Ä—Ç –≤ —Å—Ñ–µ—Ä–µ IT –∏ –±–ª–æ–∫—á–µ–π–Ω, —Ç–µ—Ä—Ä–∏—Ç–æ—Ä–∏–∞–ª—å–Ω—ã–π –ø—Ä–µ–¥—Å—Ç–∞–≤–∏—Ç–µ–ª—å —Å—Ç—Ä–∏–º–∏–Ω–≥–∞ Emanate

17:30‚Äì18:00 ¬´–ö–∞–∫ –º—ã —Å–æ–∑–¥–∞–≤–∞–ª–∏ —Ñ–∏–¥–∂–∏—Ç–∞–ª-–º–µ—Ä—á –¥–ª—è –∞–π—Ç–∏—à–Ω–∏–∫–æ–≤¬ª
–ê—Ä—Å–µ–Ω –í–∞–ª–∏–µ–≤, –æ—Å–Ω–æ–≤–∞—Ç–µ–ª—å —Ñ–∏–¥–∂–∏—Ç–∞–ª-–±—Ä–µ–Ω–¥–∞ 6OG (—Å–æ–∑–¥–∞—Ç–µ–ª—å –∫—Ä—É—Ç–æ–≥–æ –º–µ—Ä—á–∞ –¥–ª—è PHDays 12)

@Positive_Technologies","–í—Ä–æ–¥–µ –∫–∞–∫ —Å–µ–≥–æ–¥–Ω—è –≥—Ä—É–ø–ø–∏—Ä–æ–≤–∫–∞ Cl0p –¥–æ–ª–∂–Ω–∞ –≤—ã–ª–æ–∂–∏—Ç—å –¥–∞–Ω–Ω—ã–µ, —É–∫—Ä–∞–¥–µ–Ω–Ω—ã–µ —É –¥–≤—É—Ö –ò–ë-–∫–æ–º–ø–∞–Ω–∏–π - NortonLifeLock –∏ Netscout. –ü–æ—Å–ª–µ–¥–Ω—è—è –¥–æ —Å–∏—Ö –Ω–µ –ø–æ–¥—Ç–≤–µ—Ä–¥–∏–ª–∞ —Å–≤–æ–π –≤–∑–ª–æ–º, —á—Ç–æ –æ–±—ä—è—Å–Ω–∏–º–æ, - –∏–º–µ—Ç—å –≤ —Å–≤–æ–µ–º –ø–æ—Ä—Ç—Ñ–æ–ª–∏–æ —Ä–µ—à–µ–Ω–∏–µ –∫–ª–∞—Å—Å–∞ NDR –∏ –Ω–µ –∑–∞–¥–µ—Ç–µ–∫—Ç–∏—Ç—å —à–∏—Ñ—Ä–æ–≤–∞–ª—å—â–∏–∫–∞?.. –í—Å–µ-—Ç–∞–∫–∏ –ø–æ–ø–∞–¥–∞–Ω–∏–µ ransomware, –≤–∑–∞–∏–º–æ–¥–µ–π—Å—Ç–≤–∏–µ —Å –≤–Ω–µ—à–Ω–∏–º–∏ C2 –∏, —Å–∞–º–æ–µ –≥–ª–∞–≤–Ω–æ–µ, —Ä–∞—Å—à–∏—Ä–µ–Ω–∏–µ –ø–ª–∞—Ü–¥–∞—Ä–º–∞ –∏ —Ä–∞—Å–ø—Ä–æ—Å—Ç—Ä–∞–Ω–µ–Ω–∏–µ –ø–æ –≤–Ω—É—Ç—Ä–µ–Ω–Ω–µ–π –∏–Ω—Ñ—Ä–∞—Å—Ç—Ä—É–∫—Ç—É—Ä–µ - —ç—Ç–æ –æ–¥–∏–Ω –∏–∑ —Ç–∏–ø–æ–≤—ã—Ö —Å—Ü–µ–Ω–∞—Ä–∏–µ–≤ –¥–ª—è NDR. –õ–∏–±–æ –æ–Ω–∏ —Å–∞–ø–æ–∂–Ω–∏–∫ –±–µ–∑ —Å–∞–ø–æ–≥ –∏ –Ω–µ –∏—Å–ø–æ–ª—å–∑—É—é—Ç —É —Å–µ–±—è —Å–≤–æ–∏ –ø—Ä–æ–¥—É–∫—Ç—ã?

–ó–´. NetScout —Ç–∞–∫–∂–µ –≤–ª–∞–¥–µ–µ—Ç –∏ Arbor...","–£ –∞–º–µ—Ä–∏–∫–∞–Ω—Ü–µ–≤ –Ω–∞–±–ª—é–¥–∞–µ—Ç—Å—è –Ω–µ–∫–æ—Ç–æ—Ä—ã–π –∫–æ–ª–ª–∞–ø—Å –≤ –º–µ–¥–∏—Ü–∏–Ω—Å–∫–æ–º –æ–±—Å–ª—É–∂–∏–≤–∞–Ω–∏–∏, –∫–æ—Ç–æ—Ä—ã–π –Ω–∞—á–∞–ª—Å—è –≤ —á–µ—Ç–≤–µ—Ä–≥ —Å –æ–±—ã—á–Ω–æ–≥–æ ""–∏–Ω—Ü–∏–¥–µ–Ω—Ç–∞ —Å –¥–∞–Ω–Ω—ã–º–∏"". –°—Ç–∞–Ω—Ü–∏–∏ —Å–∫–æ—Ä–æ–π –ø–æ–º–æ—â–∏ –∑–∞–∫—Ä—ã–ª–∏—Å—å –≤ —Ä—è–¥–µ —à—Ç–∞—Ç–æ–≤. –ú–Ω–æ–≥–∏–µ –º–µ–¥–∏—Ü–∏–Ω—Å–∫–∏–µ —Å–∏—Å—Ç–µ–º—ã –æ—Ç–∫–ª—é—á–µ–Ω—ã. –ê–Ω–∞–ª–∏–∑—ã –∫—Ä–æ–≤–∏ –Ω–µ –ø—Ä–∏–Ω–∏–º–∞—é—Ç—Å—è. –•–∏—Ä—É—Ä–≥–∏—á–µ—Å–∫–∏–µ –æ–ø–µ—Ä–∞—Ü–∏–∏ –Ω–µ –ø—Ä–æ–≤–æ–¥—è—Ç—Å—è. –ò —Ç–∞–∫–æ–µ –ø—Ä–æ–∏—Å—Ö–æ–¥–∏—Ç –ø–æ –º–Ω–æ–≥–∏–º —à—Ç–∞—Ç–∞–º, –≤ –∫–æ—Ç–æ—Ä—ã—Ö –±–æ–ª—å–Ω–∏—Ü–∞–º–∏ –∑–∞–ø—Ä–∞–≤–ª—è–µ—Ç —Ö–æ–ª–¥–∏–Ω–≥ Prospect Medical Holdings. –Ø—Ä–∫–∏–π –ø—Ä–∏–º–µ—Ä, –∫–æ–≥–¥–∞ –Ω–µ–¥–æ–ø—É—Å—Ç–∏–º–æ–µ —Å–æ–±—ã—Ç–∏–µ –æ–¥–Ω–æ–π –∫–æ–º–ø–∞–Ω–∏–∏ –ø—Ä–µ–≤—Ä–∞—â–∞–µ—Ç—Å—è –≤ –æ—Ç—Ä–∞—Å–ª–µ–≤–æ–µ.",–°—Ç–∞–ª–∏ –¥–æ—Å—Ç—É–ø–Ω—ã –≤–∏–¥–µ–æ —Å AppSecCon 2023,"–†–µ–≥—É–ª—è—Ä–Ω–æ —Å–ª—ã—à—É –≤–æ–ø—Ä–æ—Å—ã –∏ —Å–æ–º–Ω–µ–Ω–∏—è –æ—Ç–Ω–æ—Å–∏—Ç–µ–ª—å–Ω–æ —Ç–µ—Ä–º–∏–Ω–∞ ""–Ω–µ–¥–æ–ø—É—Å—Ç–∏–º—ã–µ —Å–æ–±—ã—Ç–∏—è"", –∫–æ—Ç–æ—Ä—ã–µ –∏—Å–ø–æ–ª—å–∑—É–µ—Ç –≤ —Å–≤–æ–µ–π —Ä–∏—Ç–æ—Ä–∏–∫–µ Positive Technologies. –ú–Ω–æ–≥–∏–µ –ø—Ä–æ—Ç–∏–≤–Ω–∏–∫–∏ —Å—á–∏—Ç–∞—é—Ç, —á—Ç–æ –Ω–µ –Ω–∞–¥–æ –≤–≤–æ–¥–∏—Ç—å –Ω–æ–≤—ã–µ —Å—É—â–Ω–æ—Å—Ç–∏ –±–µ–∑ –Ω–µ–æ–±—Ö–æ–¥–∏–º–æ—Å—Ç–∏ –∏ —É–∂–µ –∏–∑–≤–µ—Å—Ç–Ω—ã—Ö —Ç–µ—Ä–º–∏–Ω–æ–≤ ¬´—É–≥—Ä–æ–∑–∞¬ª –∏ ¬´—Ä–∏—Å–∫¬ª –≤–ø–æ–ª–Ω–µ –¥–æ—Å—Ç–∞—Ç–æ—á–Ω–æ. –ú–Ω–µ —Ö–æ—Ç–µ–ª–æ—Å—å –±—ã –Ω–µ–º–Ω–æ–≥–æ –ø–æ—Ä–∞—Å—Å—É–∂–¥–∞—Ç—å –Ω–∞ —ç—Ç—É —Ç–µ–º—É.","–ü–æ–∫–∞ –≤ –†–æ—Å—Å–∏–∏ —Å—Ç—Ä–æ—è—Ç –†—É–Ω–µ—Ç 2.0 –∏ –¥—É–º–∞—é—Ç –æ —Ä–µ–∑—É–ª—å—Ç–∞—Ç–∏–≤–Ω–æ–º –∫–∏–±–µ—Ä–±–µ–∑–µ, –≤ –ê–º–µ—Ä–∏–∫–µ —Å—Ç–∞–ª–∏ –∑–∞–¥—É–º—ã–≤–∞—Ç—å—Å—è –æ —Ç–æ–º, –∫–∞–∫ –∏–∑–º–µ–Ω–µ–Ω–∏—è –∫–ª–∏–º–∞—Ç–∞ –≤–ª–∏—è—é—Ç –Ω–∞ –ò–ë –∏ –Ω–∞–æ–±–æ—Ä–æ—Ç. –ò —ç—Ç–æ –ø–æ–º–∏–º–æ —É–∂–µ —Ç—Ä–∞–¥–∏—Ü–∏–æ–Ω–Ω–æ–π –∏—Å—Ç–æ—Ä–∏–∏ –æ–± —É—â–µ–º–ª–µ–Ω–∏–∏ –º–µ–Ω—å—à–∏–Ω—Å—Ç–≤ –≤ –ò–ë, –æ –∫–æ—Ç–æ—Ä–æ–π –°–µ–∫–ª–∞–± –≤—á–µ—Ä–∞ –Ω–∞–ø–∏—Å–∞–ª. –ê–º–µ—Ä–∏–∫–∞–Ω—Ü—ã —Ä–µ–∞–ª—å–Ω–æ —Ç–µ–º–æ–π ESG –∑–∞–ø–∞—Ä–∏–ª–∏—Å—å –∏ –æ—Ü–µ–Ω–∏–≤–∞—é—Ç –æ–±—ä–µ–º –ø–∞—Ä–Ω–∏–∫–æ–≤—ã—Ö –≥–∞–∑–æ–≤ –æ—Ç –ø–µ—Ä–µ—Ö–æ–¥–∞ –Ω–∞ —É–¥–∞–ª–µ–Ω–∫—É. –í—Å–µ–≥–æ-—Ç–æ –≥–æ–¥ –ø—Ä–æ—à–µ–ª, –∞ –∫–∞–∫ –Ω–∞—Å —Ä–∞–∑–≤–µ–ª–∞ —Å—É–¥—å–±–∞.","–ï—Å–ª–∏ —Å–µ–π—á–∞—Å –∫–∞–∫–æ–π-–Ω–∏–±—É–¥—å —Å–µ–Ω–∞—Ç–æ—Ä –∏–ª–∏ –¥–µ–ø—É—Ç–∞—Ç –∑–∞—è–≤–∏—Ç, —á—Ç–æ –µ–º—É –ø–æ—Å—Ç—É–ø–∞–µ—Ç –º–Ω–æ–≥–æ –ø—Ä–æ—Å—å–± –æ—Ç –∏–∑–±–∏—Ä–∞—Ç–µ–ª–µ–π –∏ –æ–Ω —Ä–µ—à–∏–ª –ø–æ–¥–¥–µ—Ä–∂–∞—Ç—å –≥–ª–∞—Å –Ω–∞—Ä–æ–¥–∞, –≤—ã—Å—Ç—É–ø–∏–≤ —Å –∏–Ω–∏—Ü–∏–∞—Ç–∏–≤–æ–π –æ –∑–∞–ø—Ä–µ—Ç–µ –ø—Ä–æ–¥—É–∫—Ü–∏–∏ Apple –≤ –†–æ—Å—Å–∏–∏, —Ç–æ–≥–¥–∞ –º–æ–∂–Ω–æ –±—É–¥–µ—Ç —Å —É–≤–µ—Ä–µ–Ω–Ω–æ—Å—Ç—å—é –≥–æ–≤–æ—Ä–∏—Ç—å –æ —Å–ø–ª–∞–Ω–∏—Ä–æ–≤–∞–Ω–Ω–æ–π –∫–∞–º–ø–∞–Ω–∏–∏!","ROI —É –∫–∏–±–µ—Ä–ø—Ä–µ—Å—Ç—É–ø–Ω–æ—Å—Ç–∏ - 2500%, –µ—Å–ª–∏ –≤–µ—Ä–∏—Ç—å –∏–Ω—Ñ–æ–≥—Ä–∞—Ñ–∏–∫–µ SANS. –í–æ—Ç –∫–æ–≥–¥–∞ –Ω–∞ —Ä–æ—Å—Å–∏–π—Å–∫–æ–º —Ä—ã–Ω–∫–µ –ò–ë –±—É–¥–µ—Ç —Å—Ö–æ–∂–∏–µ –ø–æ–∫–∞–∑–∞—Ç–µ–ª–∏ ROI, —Ç–æ –∑–Ω–∞—á–∏—Ç –º—ã —Ä–∞–±–æ—Ç–∞–ª–∏ –Ω–µ –∑—Ä—è!","–í–∏–¥–µ–æ —Å –ø–ª–µ–Ω–∞—Ä–∫–∏, –∫–æ—Ç–æ—Ä—É—é —è –º–æ–¥–µ—Ä–∏—Ä–æ–≤–∞–ª –Ω–∞ CISO Forum 2023","–ê —ç—Ç–æ —Ä–∞—Å–ø—Ä–µ–¥–µ–ª–µ–Ω–∏–µ –±—é–¥–∂–µ—Ç–∞ –∏–∑ –¥—Ä—É–≥–æ–≥–æ –æ—Ç—á–µ—Ç–∞ –ø–æ —Ä–µ–∑—É–ª—å—Ç–∞—Ç–∞–º –æ–ø—Ä–æ—Å–∞ –æ–∫–æ–ª–æ 500 CISO. –ò –º—ã –≤–∏–¥–∏–º –∫–∞–∫—É—é-—Ç–æ –Ω–µ—Å—É—Ä–∞–∑–∏—Ü—É - –≤ –ø—Ä–æ—à–ª–æ–º –≤–∞—Ä–∏–∞–Ω—Ç–µ —Å—Ä–µ–¥–Ω–µ—Å—Ç–∞—Ç–∏—Å—Ç–∏—á–µ—Å–∫–∏–π CISO —Ç—Ä–∞—Ç–∏–ª –Ω–∞ –∑–∞—Ä–ø–ª–∞—Ç—É –ø–µ—Ä—Å–æ–Ω–∞–ª–∞ –æ–∫–æ–ª–æ 40% —Å–≤–æ–µ–≥–æ –±—é–¥–∂–µ—Ç–∞, –∞ –ø–æ —ç—Ç–æ–π —Ç–∞–±–ª–∏—Ü–µ - –≤ 3 —Ä–∞–∑–∞ –º–µ–Ω—å—à–µ. –ò —ç—Ç–æ –∫–æ–ª–æ—Å—Å–∞–ª—å–Ω–∞—è —Ä–∞–∑–Ω–∏—Ü–∞!

–û —á–µ–º –Ω–∞–º –≥–æ–≤–æ—Ä—è—Ç —ç—Ç–∏ –¥–≤–µ –∫–∞—Ä—Ç–∏–Ω–∫–∏? –¢–æ–ª—å–∫–æ –æ —Ç–æ–º, —á—Ç–æ –≤—Å–µ —Ç–∞–∫–∏–µ ""—Å—Ä–µ–¥–Ω–µ—Å—Ç–∞—Ç–∏—Å—Ç–∏—á–µ—Å–∫–∏–µ"" –æ–ø—Ä–æ—Å—ã –ø–æ –±—é–¥–∂–µ—Ç–∞–º —Å–º–æ—Ç—Ä–µ—Ç—å –∏–Ω—Ç–µ—Ä–µ—Å–Ω–æ, –Ω–æ –æ–Ω–∏ –º–∞–ª–æ –ø–æ–º–æ–≥–∞—é—Ç –≤ –ø—Ä–∏–Ω—è—Ç–∏–∏ —Ä–µ—à–µ–Ω–∏–π –æ —Ç–æ–º, —Å–∫–æ–ª—å–∫–æ —Ç—Ä–∞—Ç–∏—Ç—å –Ω–∞ –ò–ë. –û—Ç—Ç–∞–ª–∫–∏–≤–∞—Ç—å—Å—è –Ω–∞–¥–æ –æ—Ç –ø–æ—Ç—Ä–µ–±–Ω–æ—Å—Ç–µ–π –±–∏–∑–Ω–µ—Å–∞, –æ–ø—Ä–µ–¥–µ–ª–µ–Ω–Ω—ã—Ö –∏–º –Ω–µ–¥–æ–ø—É—Å—Ç–∏–º—ã—Ö —Å–æ–±—ã—Ç–∏–π –∏ –º–µ—Ä–æ–ø—Ä–∏—è—Ç–∏–π, —Ç—Ä–µ–±—É—é—â–∏—Ö—Å—è –¥–ª—è –∏—Ö –Ω–µ–¥–æ–ø—É—â–µ–Ω–∏—è –∏ –ø–æ–¥–¥–µ—Ä–∂–∞–Ω–∏—è –æ—Ä–≥–∞–Ω–∏–∑–∞—Ü–∏–∏ –≤ —Ç–∞–∫–æ–º —Å–æ—Å—Ç–æ—è–Ω–∏–∏.","–í–æ—Ç —Ç—É—Ç —è —Å –ò–ë—à–Ω—ã–º –ù–ò–ò –ú–∏–Ω—Ü–∏—Ñ—Ä—ã –Ω–µ —Å–æ–≥–ª–∞—Å–µ–Ω. –î–∞, –¥–µ–ª–∏—Ç—å—Å—è –ø–∞—Ä–æ–ª—è–º–∏ –Ω–µ —Å—Ç–æ–∏—Ç, –Ω–æ –≤–æ—Ç –º–µ–Ω—è—Ç—å –∏—Ö —á–∞—Å—Ç–æ? –≠—Ç–æ —É—Å—Ç–∞—Ä–µ–≤—à–∏–π —Å–æ–≤–µ—Ç, –∫–∞–∫ –ø–æ –º–Ω–µ. –í —É—Å–ª–æ–≤–∏—è—Ö –Ω–æ—Ä–º–∞–ª—å–Ω–æ –≤—ã—Å—Ç—Ä–æ–µ–Ω–Ω–æ–π MFA –∏ –ø—Ä–∏ –æ—Ç—Å—É—Ç—Å—Ç–≤–∏–∏ —É—Ç–µ—á–µ–∫, –ø–∞—Ä–æ–ª–∏ –≤–æ–æ–±—â–µ –º–æ–∂–Ω–æ –Ω–µ –º–µ–Ω—è—Ç—å –≥–æ–¥–∞–º–∏.","–í –¥–µ—Ç—Å–∫–∏—Ö –º—É–ª—å—Ç–∏–∫–∞—Ö —Ç–µ–º–∞ –∫–∏–±–µ—Ä–±–µ–∑–∞ —Ç–æ–∂–µ –Ω–µ –æ–±—Ö–æ–¥–∏—Ç—Å—è –≤–Ω–∏–º–∞–Ω–∏–µ–º. –í–æ—Ç —Ç–∞–∫, –Ω–∞–ø—Ä–∏–º–µ—Ä, –ø–æ–∫–∞–∑—ã–≤–∞–µ—Ç—Å—è –∫–∏–±–µ—Ä–∞—Ç–∞–∫–∞ –≤ –¥–∏—Å–Ω–µ–µ–≤—Å–∫–æ–º –∞–Ω–∏–º–∞—Ü–∏–æ–Ω–Ω–æ–º —Ñ–∏–ª—å–º–µ ""–†–∞–ª—å—Ñ –ø—Ä–æ—Ç–∏–≤ –ò–Ω—Ç–µ—Ä–Ω–µ—Ç–∞"". –ù–∞ —Å–∞–º–æ–º –¥–µ–ª–µ –º—É–ª—å—Ç—Ñ–∏–ª—å–º –∏–Ω—Ç–µ—Ä–µ—Å–µ–Ω —Ç–µ–º, —á—Ç–æ –æ–Ω —Ü–µ–ª–∏–∫–æ–º –ø–æ—Å–≤—è—â–µ–Ω –∫–∏–±–µ—Ä–±–µ–∑—É, –Ω–æ –≤ —É–ø—Ä–æ—â–µ–Ω–Ω–æ–π —Ñ–æ—Ä–º–µ. –ê –µ—â–µ –≤ –Ω–µ–º –∏–Ω—Ç–µ—Ä–µ—Å–Ω–∞ –≤–∏–∑—É–∞–ª–∏–∑–∞—Ü–∏—è —Ç–∞–∫–∏—Ö —Å–ª–æ–∂–Ω—ã—Ö –≤–µ—â–µ–π, –∫–∞–∫ –≤–∏—Ä—É—Å, DDoS-–∞—Ç–∞–∫–∞, –î–∞—Ä–∫–Ω–µ—Ç, –∞–Ω—Ç–∏–≤–∏—Ä—É—Å –∏ —Ç.–ø.","–í—á–µ—Ä–∞ –º—ã –¥–æ–ª–≥–æ –¥–∏—Å—Å–∫—É—Ç–∏—Ä–æ–≤–∞–ª–∏ –æ –±—É–¥—É—â–µ–º –∫—Ä–∏–ø—Ç–æ–≥—Ä–∞—Ñ–∏–∏ –≤ –†–æ—Å—Å–∏–∏, –æ —Ä–æ–ª–∏ —Ä–µ–≥—É–ª—è—Ç–æ—Ä–∞, –æ —Å–æ–≤–º–µ—Å—Ç–∏–º–æ—Å—Ç–∏ —Ä–µ—à–µ–Ω–∏–π —Ä–∞–∑–Ω—ã—Ö –≤–µ–Ω–¥–æ—Ä–æ–≤ –∏ —Ç.–ø. –ú–Ω–µ, –∫–∞–∫ —á–µ–ª–æ–≤–µ–∫—É, –Ω–∞—á–∏–Ω–∞–≤—à–µ–º—É –ø—É—Ç—å –≤ –ò–ë, –∏–º–µ–Ω–Ω–æ —Å –∫—Ä–∏–ø—Ç–æ–≥—Ä–∞—Ñ–∏–∏, –Ω–µ –≤—Å–µ —Ä–∞–≤–Ω–æ, —á—Ç–æ –ø—Ä–æ–∏—Å—Ö–æ–¥–∏—Ç –≤ —ç—Ç–æ–π –æ–±–ª–∞—Å—Ç–∏. –ë–µ–∑—É—Å–ª–æ–≤–Ω–æ, 8-–π –¶–µ–Ω—Ç—Ä –º–µ–Ω—è–µ—Ç—Å—è, –Ω–æ –Ω–µ –±—ã—Å—Ç—Ä–æ. –ú–Ω–µ –∫–∞–∂–µ—Ç—Å—è, —á—Ç–æ –ø–µ—Ä–µ–ª–æ–º–Ω—ã–º –º–æ–º–µ–Ω—Ç–æ–º, –¥–µ–º–æ–Ω—Å—Ç—Ä–∏—Ä—É—é—â–∏–º –∂–µ–ª–∞–Ω–∏–µ –ø–µ—Ä–µ–º–µ–Ω, —Å—Ç–∞–Ω–µ—Ç –æ—Ç–º–µ–Ω–∞ 152-–π –∏–Ω—Å—Ç—Ä—É–∫—Ü–∏–∏ –§–ê–ü–°–ò. –≠—Ç–æ —Å—Ç–∞–Ω–µ—Ç –æ–ø—Ä–µ–¥–µ–ª–µ–Ω–Ω–æ–π –≤–µ—Ö–æ–π –∏ –∑–Ω–∞–∫–æ–º –¥–ª—è –æ—Ç—Ä–∞—Å–ª–∏, —á—Ç–æ –≤–æ—Å—å–º–µ—Ä–∫–∞ –ø–æ–≤–µ—Ä–Ω—É–ª–∞—Å—å –ª–∏—Ü–æ–º –∫ –æ—Ç—Ä–∞—Å–ª–∏ –æ–∫–æ–Ω—á–∞—Ç–µ–ª—å–Ω–æ, –∞ –Ω–µ –ø–æ–º–æ–≥–∞—é—â–µ–π —Ä–µ—à–∞—Ç—å –æ—Ç–¥–µ–ª—å–Ω—ã–µ –≤–æ–ø—Ä–æ—Å—ã –≤ —á–∞—Å—Ç–Ω–æ–º –ø–æ—Ä—è–¥–∫–µ!","–û—Ü–µ–Ω–∫–∞ –ø–æ–ª–µ–∑–Ω–æ—Å—Ç–∏ –∏–Ω–Ω–æ–≤–∞—Ü–∏–π‚Ä¶ –ê–≤—Ç–æ—Ä—ã –ø—Ä–µ–¥–ª–∞–≥–∞—é—Ç —Ç–∞–∫–∏–º –æ–±—Ä–∞–∑–æ–º –æ—Ü–µ–Ω–∏–≤–∞—Ç—å –ø–æ–∫—É–ø–∫—É —Ö–∞–∫–µ—Ä–∞–º–∏ –≤ –î–∞—Ä–∫–Ω–µ—Ç–µ –Ω–æ–≤—ã—Ö –≤—Ä–µ–¥–æ–Ω–æ—Å–Ω—ã—Ö —É—Ç–∏–ª–∏—Ç –∏ –∏–Ω—Å—Ç—Ä—É–º–µ–Ω—Ç–æ–≤. –ù–µ –∏—Å–∫–ª—é—á–∞—é, —á—Ç–æ –æ—Ü–µ–Ω–∫–∞ –ø–æ–ª–µ–∑–Ω–æ—Å—Ç–∏ –ø—Ä–æ–≤–æ–¥–∏—Ç—Å—è, –Ω–æ –≤—Ä—è–¥ –ª–∏ –æ–Ω–∞ —Ç–∞–∫ —Ñ–æ—Ä–º–∞–ª–∏–∑–æ–≤–∞–Ω–∞...","–ï—Å–ª–∏ –≤—Å—è –∏–Ω—Ñ—Ä–∞—Å—Ç—Ä—É–∫—Ç—É—Ä–∞ –∫–æ–º–ø–∞–Ω–∏–∏ –º–æ–∂–µ—Ç –±—ã—Ç—å —Å–∫–æ–º–ø—Ä–æ–º–µ—Ç–∏—Ä–æ–≤–∞–Ω–∞ –∏–ª–∏ –≤—ã–≤–µ–¥–µ–Ω–∞ –∏–∑ —Å—Ç—Ä–æ—è –∏–∑-–∑–∞ –æ–¥–Ω–æ–≥–æ —Ñ–∏—à–∏–Ω–≥–æ–≤–æ–≥–æ –ø–∏—Å—å–º–∞ —Å–æ—Ç—Ä—É–¥–Ω–∏–∫—É, —Ç–æ –≤–∏–Ω–æ–≤–∞—Ç –≤ –ø–æ—Å–ª–µ–¥—Å—Ç–≤–∏—è—Ö —Ç–æ—á–Ω–æ –Ω–µ —Å–æ—Ç—Ä—É–¥–Ω–∏–∫","–î–ª—è –æ–±–Ω–∞—Ä—É–∂–µ–Ω–∏—è —É–≥—Ä–æ–∑ –º—ã —á–∞—Å—Ç–æ –∏—Å–ø–æ–ª—å–∑—É–µ–º –ª–æ–≥–∏. –ù–æ —É–≤–µ—Ä–µ–Ω—ã –ª–∏ –º—ã, —á—Ç–æ –≤ –ª–æ–≥–∞—Ö –Ω–µ—Ç —Ñ–µ–π–∫–æ–≤—ã—Ö –∑–∞–ø–∏—Å–µ–π? –í–æ—Ç —Ç—É—Ç –ø–æ–¥–æ–≥–Ω–∞–ª–∏ –∏—Å—Å–ª–µ–¥–æ–≤–∞–Ω–∏–µ, –∫–∞–∫ –º–æ–∂–Ω–æ –æ—Ä–≥–∞–Ω–∏–∑–æ–≤–∞—Ç—å —Ñ–∞–ª—å—à–∏–≤—ã–µ —Å–æ–±—ã—Ç–∏—è –≤ –ª–æ–≥–∞—Ö Microsoft –∏ –∫–∞–∫ –∏—Ö –¥–µ—Ç–µ–∫—Ç–∏—Ç—å",14 –∞–ø—Ä–µ–ª—è –ø—Ä–æ–π–¥–µ—Ç CISO Forum 2023,"–ñ–∏–∑–Ω—å –≤–æ–∫—Ä—É–≥ –Ω–∞—Å –º–µ–Ω—è–µ—Ç—Å—è. –ù–µ –≤—Å–µ–≥–¥–∞ –∫ –ª—É—á—à–µ–º—É, –Ω–æ –º–µ–Ω—è–µ—Ç—Å—è. –í —Ç–æ–º —á–∏—Å–ª–µ –∏ –∫–æ—Ä–ø–æ—Ä–∞—Ç–∏–≤–Ω–∞—è –∂–∏–∑–Ω—å, –≤ –∫–æ—Ç–æ—Ä–æ–π –ò–ë –º–æ–≥–ª–∞ –±—ã –∏–≥—Ä–∞—Ç—å –≥–æ—Ä–∞–∑–¥–æ –±–æ–ª–µ–µ –≤–∞–∂–Ω—É—é —Ä–æ–ª—å, —á–µ–º –æ–Ω–∞ –∏–≥—Ä–∞–µ—Ç —Å–µ–π—á–∞—Å.

–í —Ä—É–∫–∞—Ö —É –ò–ë –µ—Å—Ç—å –≤—Å–µ –Ω–∏—Ç–∏, –≤—Å–µ –ø–æ—Ç–æ–∫–∏ –∏–Ω—Ñ–æ—Ä–º–∞—Ü–∏–∏ –∏ –≤—Å—è –∂–∏–∑–Ω—å –∫–∞–∂–¥–æ–≥–æ —Å–æ—Ç—Ä—É–¥–Ω–∏–∫–∞ - —Å–∫–æ–ª—å–∫–æ –≤—Ä–µ–º–µ–Ω–∏ –æ–Ω —Ç—É–ø–∏–ª –≤ Telegram (–∏ —Å–µ–π—á–∞—Å —Ç–æ–∂–µ), –Ω–∞ –∫–∞–∫–∏–µ —Å—Å—ã–ª–∫–∏ –æ–Ω –∫–ª–∏–∫–∞–ª –≤ VK, –∫–∞–∫–∏–µ –∫–∞—Ä—Ç–∏–Ω–∫–∏ —Å–º–æ—Ç—Ä–µ–ª, —Ä–∞–±–æ—Ç–∞–ª –∏–ª–∏ —Ç—É–ø–æ —Å–º–æ—Ç—Ä–µ–ª –≤ –æ–∫–Ω–æ, –Ω–∞–±–ª—é–¥–∞—è –∑–∞ –æ—á–µ—Ä–µ–¥–Ω—ã–º –ø–µ—Ä–µ–∫–ª–∞–¥—ã–≤–∞–Ω–∏–µ–º –ø–ª–∏—Ç–∫–∏ –∏ –∞—Å—Ñ–∞–ª—å—Ç–∞. –ù–æ –ò–ë —Ä–µ–¥–∫–æ –∏—Å–ø–æ–ª—å–∑—É–µ—Ç —Å–≤–æ–∏ –≤–æ–∑–º–æ–∂–Ω–æ—Å—Ç–∏ –¥–∞–∂–µ –Ω–∞ 50%, –Ω–µ –≥–æ–≤–æ—Ä—è —É–∂–µ –æ —á–µ–º-—Ç–æ –±–æ–ª—å—à–µ–º. –ù—É –Ω–æ—Ä–º–∞—Ç–∏–≤–∫—É –≤—ã–ø–æ–ª–Ω–∏—Ç—å, –Ω—É —É–≥—Ä–æ–∑—ã –ª–æ–≤–∏—Ç—å. –ò –≤—Å–µ? –ò –≤—Å–µ!

–ù–æ –ò–ë –º–æ–∂–µ—Ç –≥–æ—Ä–∞–∑–¥–æ –±–æ–ª—å—à–µ. –ù–æ –Ω–µ –º–æ–∂–µ—Ç. –ê –∏–Ω–æ–≥–¥–∞ –Ω–µ —Ö–æ—á–µ—Ç. –ê –∏–Ω–æ–≥–¥–∞ –Ω–æ–≤—ã–µ —Ñ—É–Ω–∫—Ü–∏–∏ –ò–ë –≤—Å—Ç—É–ø–∞—é—Ç –≤ –ø—Ä–æ—Ç–∏–≤–æ—Ä–µ—á–∏–µ —Å —Ç—Ä–∞–¥–∏—Ü–∏–æ–Ω–Ω–æ–π —ç—Ç–∏–∫–æ–π –∏ –º–æ—Ä–∞–ª—å—é. –ò –ò–ë —Ä–µ—à–∞—Ç—å, –≥–æ—Ç–æ–≤–∞ –ª–∏ –æ–Ω–∞ –∫ —ç—Ç–æ–º—É –∏–ª–∏ –Ω–µ—Ç‚Ä¶ –°—Ç–æ–∏—Ç –ø–æ–º–Ω–∏—Ç—å, —á—Ç–æ –ø–æ–¥ –ª–µ–∂–∞—á–∏–π –∫–∞–º–µ–Ω—å –≤–æ–¥–∞ –Ω–µ —Ç–µ—á–µ—Ç!","–ü—Ä–æ —ç—Ç–æ—Ç —ç—Ñ–∏—Ä –Ω–∞ Standoff —è —É–∂–µ –ø–∏—Å–∞–ª - –Ω–∞ –Ω–µ–º –º—ã –ø–æ–≥–æ–≤–æ—Ä–∏–ª–∏ –ø—Ä–æ —Ç–æ, —á–µ–º –∑–∞–ø–æ–º–Ω–∏–ª—Å—è –≥–æ–¥ –ø—Ä–æ—à–ª—ã–π –∏ —á—Ç–æ –∂–¥–∞—Ç—å üîÆ –æ—Ç –≥–æ–¥–∞ –≥—Ä—è–¥—É—â–µ–≥–æ. 

–ò–∑ –∏–Ω—Ç–µ—Ä–µ—Å–Ω–æ–≥–æ, –î–∏–º–∞ –ì–∞–¥–∞—Ä—å —Ä–∞—Å—Å–∫–∞–∑–∞–ª –æ —Ç–æ–º, —á—Ç–æ —É –Ω–∏—Ö –≤ –±–∞–Ω–∫–µ –µ—Å—Ç—å –Ω–µ —Ç–æ–ª—å–∫–æ –æ–±—ã—á–Ω–∞—è –ø—Ä–æ–≥—Ä–∞–º–º–∞ Bug Bounty, –Ω–æ –∏ Data Breach Bounty, –≤ —Ä–∞–º–∫–∞—Ö –∫–æ—Ç–æ—Ä–æ–π —Ä–∞–±–æ—Ç–Ω–∏–∫–∏ –º–æ–≥—É—Ç –ø–æ–ª—É—á–∏—Ç—å –ø—Ä–µ–º–∏—é –∑–∞ –≤—ã—è–≤–ª–µ–Ω–∏–µ –Ω–µ–±–µ–∑–æ–ø–∞—Å–Ω–æ–π –æ–±—Ä–∞–±–æ—Ç–∫–∏ –¥–∞–Ω–Ω—ã—Ö, –∫–æ—Ç–æ—Ä–∞—è –º–æ–∂–µ—Ç –ø—Ä–∏–≤–µ—Å—Ç–∏ –∫ —É—Ç–µ—á–∫–∞–º –∏–ª–∏ –∏–Ω—ã–º –Ω–∞—Ä—É—à–µ–Ω–∏—è–º –∑–∞–∫–æ–Ω–æ–¥–∞—Ç–µ–ª—å—Å—Ç–≤–∞ –≤ –æ–±–ª–∞—Å—Ç–∏ –ø–µ—Ä—Å–æ–Ω–∞–ª—å–Ω—ã—Ö –¥–∞–Ω–Ω—ã—Ö. –ê –ê–Ω–¥—Ä–µ–π –ù—É–π–∫–∏–Ω —Ä–∞—Å—Å–∫–∞–∑–∞–ª, –∫–∞–∫–∏–µ —É—Ä–æ–∫–∏ –æ–Ω–∏ –∏–∑–≤–ª–µ–∫–ª–∏ –∏–∑ –∞—Ç–∞–∫–∏ —à–∏—Ñ—Ä–æ–≤–∞–ª—å—â–∏–∫–∞ Ryuk –Ω–∞ —Å–≤–æ—é –∏–Ω—Ñ—Ä–∞—Å—Ç—Ä—É–∫—Ç—É—Ä—É –∏ –∫–∞–∫ —ç—Ç–æ –ø–æ–º–æ–≥–ª–æ –±–æ—Ä–æ—Ç—å—Å—è —Å –∞—Ç–∞–∫–∞–º–∏ –ø–æ—Å–ª–µ 24-–≥–æ —Ñ–µ–≤—Ä–∞–ª—è","–û–±—Ä–∞—Ç–∏—Ç–µ –≤–Ω–∏–º–∞–Ω–∏–µ –≤–æ—Ç –Ω–∞ —ç—Ç–æ—Ç —Å–ª–∞–π–¥ - —ç—Ç–æ –ø—Ä–æ–µ–∫—Ç –¥–æ–∫—É–º–µ–Ω—Ç–∞ –§–°–¢–≠–ö —Å —Ç—Ä–µ–±–æ–≤–∞–Ω–∏—è–º–∏ –∫ NGFW, –æ –∫–æ—Ç–æ—Ä–æ–º —è –ø–∏—Å–∞–ª –Ω–∞ –ø—Ä–æ—à–ª–æ–π –Ω–µ–¥–µ–ª–µ","–ü–æ–∫–∞ –≤ –ê–º–µ—Ä–∏–∫–µ –ø—Ä–∞–∑–¥–Ω—É—é—Ç 70-—Ç–∏–ª–µ—Ç–∏–µ –ê–ù–ë, –≤—ã–∫–ª–∞–¥—ã–≤–∞—é –≤–∏–¥–µ–æ-–∏–Ω—Ç–µ—Ä–≤—å—é —Å–æ –º–Ω–æ–π, —Å–¥–µ–ª–∞–Ω–Ω–æ–µ –∞–ª—Ç–∞–π—Å–∫–∏–º –¶–µ–Ω—Ç—Ä–æ–º –∏–Ω—Ñ–æ—Ä–º–∞—Ü–∏–æ–Ω–Ω–æ–π –±–µ–∑–æ–ø–∞—Å–Ω–æ—Å—Ç–∏ –≤ —Å–µ–Ω—Ç—è–±—Ä–µ –∏ –≥–¥–µ –º–µ–Ω—è –Ω–∞–∑–≤–∞–ª–∏ –ø–æ—á–µ–º—É-—Ç–æ ¬´—Ä—É—Å—Å–∫–∏–º –ò–ª–æ–Ω–æ–º –ú–∞—Å–∫–æ–º¬ª ;-)","- –ú—ã –ø—Ä–µ–¥–ª–∞–≥–∞–µ–º –≤–≤–µ—Å—Ç–∏ –æ–±–æ—Ä–æ—Ç–Ω—ã–µ —à—Ç—Ä–∞—Ñ—ã –∑–∞ —É—Ç–µ—á–∫—É –ü–î–Ω –Ω–∞ –æ–±—ä–µ–∫—Ç–∞—Ö –ö–ò–ò!
- –ù–æ –ú–∏–Ω—Ü–∏—Ñ—Ä—ã —É–∂–µ –ø—Ä–µ–¥–ª–æ–∂–∏–ª–∞ —ç—Ç–æ —Å–¥–µ–ª–∞—Ç—å –¥–ª—è –≤—Å–µ—Ö –æ–ø–µ—Ä–∞—Ç–æ—Ä–æ–≤ –ü–î–Ω!
- –ü—Ä–∞–≤–∏–ª—å–Ω–æ. –ê –º—ã, –ø–æ–º–∏–º–æ –æ–ø–µ—Ä–∞—Ç–æ—Ä–æ–≤ –ü–î–Ω, –ø—Ä–µ–¥–ª–∞–≥–∞–µ–º –µ—â–µ –∏ –¥–ª—è —Å—É–±—ä–µ–∫—Ç–æ–≤ –ö–ò–ò –≤–≤–µ—Å—Ç–∏.
- –ù–æ –≤—ã –∂–µ –ø–æ–Ω–∏–º–∞–µ—Ç–µ, —á—Ç–æ –∫–∞–∂–¥—ã–π —Å—É–±—ä–µ–∫—Ç –ö–ò–ò —É–∂–µ —è–≤–ª—è–µ—Ç—Å—è –æ–ø–µ—Ä–∞—Ç–æ—Ä–æ–º –ü–î–Ω? –í—ã —Ö–æ—Ç–∏—Ç–µ –¥–≤–∞ —Ä–∞–∑–∞ –Ω–∞–∫–∞–∑—ã–≤–∞—Ç—å?
- –≠—ç—ç‚Ä¶","–ö–∞—Ä—Ç–∏–Ω–∫–∞ –Ω–µ –Ω–æ–≤–∞, –Ω–æ —É –Ω–∞—Å –∂–µ –º–µ—Å—è—á–Ω–∏–∫ –∫–∏–±–µ—Ä–±–µ–∑–æ–ø–∞—Å–Ω–æ—Å—Ç–∏. –ü–æ—ç—Ç–æ–º—É —Å—Ç–æ–∏—Ç –µ–µ –ø–æ–≤—Ç–æ—Ä–∏—Ç—å, –Ω–∞–ø–æ–º–Ω–∏–≤ –ª–∏—à–Ω–∏–π —Ä–∞–∑, —á—Ç–æ —Ö–æ—Ç—å –∞—É—Ç–µ–Ω—Ç–∏—Ñ–∏–∫–∞—Ü–∏—è –∏ –æ–¥–∏–Ω –∏–∑ —Å–∞–º—ã—Ö –æ–ª–¥—Å–∫—É–ª—å–Ω—ã—Ö –º–µ—Ö–∞–Ω–∏–∑–º–æ–≤ –∑–∞—â–∏—Ç—ã; —Ç–∞–∫–æ–π –∂–µ –∫–∞–∫ –∏ —Å–±—Ä–∞—Å—ã–≤–∞—Ç—å –ø–∞—Ä–æ–ª—å –ø–æ —ç–ª–µ–∫—Ç—Ä–æ–Ω–Ω–æ–π –ø–æ—á—Ç–µ –∏–ª–∏ —Å–µ–∫—Ä–µ—Ç–Ω—ã–µ –≤–æ–ø—Ä–æ—Å—ã –ø—Ä–æ –¥–µ–≤–∏—á—å—é —Ñ–∞–º–∏–ª–∏—é –º–∞—Ç–µ—Ä–∏, –Ω–æ —ç—Ç–æ—Ç –º–µ—Ö–∞–Ω–∏–∑–º –ø–æ-–ø—Ä–µ–∂–Ω–µ–º—É –∏ –æ–¥–∏–Ω –∏–∑ —Å–∞–º—ã—Ö –≤–∞–∂–Ω—ã—Ö. –ù–µ–ø–ª–æ—Ö–æ –±—É–¥–µ—Ç, –µ—Å–ª–∏ –≤—ã –≤—ã–π–¥–µ—Ç–µ —Ö–æ—Ç—è –±—ã –Ω–∞ 2-–π —É—Ä–æ–≤–µ–Ω—å –≤ —Å–≤–æ–µ–π –ª–∏—á–Ω–æ–π –∂–∏–∑–Ω–∏ (—Ç–∞–º, –≥–¥–µ —Ç–∞–∫–∞—è –≤–æ–∑–º–æ–∂–Ω–æ—Å—Ç—å –µ—Å—Ç—å). –ù—É –∞ –≤ –∫–æ—Ä–ø–æ—Ä–∞—Ç–∏–≤–Ω–æ–π —Å—Ä–µ–¥–µ –ª—É—á—à–µ, –∫–æ–Ω–µ—á–Ω–æ, —Ä–∞—Å—Å–º–∞—Ç—Ä–∏–≤–∞—Ç—å 2-–π —É—Ä–æ–≤–µ–Ω—å –∫–∞–∫ –º–∏–Ω–∏–º–∞–ª—å–Ω–æ –¥–æ–ø—É—Å—Ç–∏–º—ã–π –∏ —Å—Ç—Ä–µ–º–∏—Ç—å—Å—è –≤—ã–π—Ç–∏ –Ω–∞ –ø–µ—Ä–≤—ã–π.","–ï—Å–ª–∏ –≤—ã –∑–∞–¥–∞–≤–∞–ª–∏—Å—å –≤–æ–ø—Ä–æ—Å–æ–º, –∫–∞–∫ —É–≤–µ–¥–æ–º–ª—è—Ç—å –†–ö–ù –æ–± –∏–Ω—Ü–∏–¥–µ–Ω—Ç–∞—Ö, —Å–≤—è–∑–∞–Ω–Ω—ã—Ö —Å –ø–µ—Ä—Å–æ–Ω–∞–ª—å–Ω—ã–º–∏ –¥–∞–Ω–Ω—ã–º–∏, —Ç–æ —Ä–µ–≥—É–ª—è—Ç–æ—Ä —Å–æ–∑–¥–∞–ª —Ñ–æ—Ä–º—É —É–≤–µ–¥–æ–º–ª–µ–Ω–∏—è —É —Å–µ–±—è –Ω–∞ —Å–∞–π—Ç–µ —Å –∞—É—Ç–µ–Ω—Ç–∏—Ñ–∏–∫–∞—Ü–∏–µ–π —á–µ—Ä–µ–∑ –ï–°–ò–ê.

–•–æ—á—É –æ–±—Ä–∞—Ç–∏—Ç—å –≤–Ω–∏–º–∞–Ω–∏–µ, —á—Ç–æ –≤–∞–º –Ω–µ–æ–±—Ö–æ–¥–∏–º–æ –∑–∞–ø–æ–ª–Ω–∏—Ç—å —ç—Ç—É —Ñ–æ—Ä–º—É –≤ —Ç–µ—á–µ–Ω–∏–µ 24 —á–∞—Å–æ–≤ —Å –º–æ–º–µ–Ω—Ç–∞ –æ–±–Ω–∞—Ä—É–∂–µ–Ω–∏—è –∏–Ω—Ü–∏–¥–µ–Ω—Ç–∞ –∏ –≤ —Ç–µ—á–µ–Ω–∏–µ 72 —á–∞—Å–æ–≤ —É–∂–µ —Å —Ä–µ–∑—É–ª—å—Ç–∞—Ç–∞–º–∏ –≤–Ω—É—Ç—Ä–µ–Ω–Ω–µ–≥–æ —Ä–∞—Å—Å–ª–µ–¥–æ–≤–∞–Ω–∏—è. –ò —á—Ç–æ–±—ã –∑–∞ —Ç–∞–∫–æ–µ –≤—Ä–µ–º—è —Å–æ–±—Ä–∞—Ç—å –≤—Å—é –Ω–µ–æ–±—Ö–æ–¥–∏–º—É—é –∏–Ω—Ñ–æ—Ä–º–∞—Ü–∏—é, —É–∂–µ –¥–æ–ª–∂–Ω–∞ –±—ã—Ç—å –≤—ã—Å—Ç—Ä–æ–µ–Ω–∞ —Å–∏—Å—Ç–µ–º–∞ –º–æ–Ω–∏—Ç–æ—Ä–∏–Ω–≥–∞ –∏ —Ä–µ–∞–≥–∏—Ä–æ–≤–∞–Ω–∏—è –Ω–∞ –∏–Ω—Ü–∏–¥–µ–Ω—Ç—ã –ò–ë, –≤–∫–ª—é—á–∞—è –∏ –∏–Ω—Ü–∏–¥–µ–Ω—Ç—ã —Å –ü–î–Ω.

–ó–´. –ò–Ω—Ç–µ—Ä–µ—Å–Ω–æ, –∫–æ–≥–¥–∞ –§–°–ë —Å–≤–æ—é ""–∫–∞—Ä—Ç–æ—á–∫—É –∏–Ω—Ü–∏–¥–µ–Ω—Ç–∞ —Å –ü–î–Ω"" –æ–ø—É–±–ª–∏–∫—É–µ—Ç. –í–µ–¥—å –¥–∞–Ω–Ω—ã–µ –æ–± –∏–Ω—Ü–∏–¥–µ–Ω—Ç–∞—Ö —Å –ø–µ—Ä—Å–¥–∞–Ω–Ω—ã–º–∏ –Ω–∞–¥–æ –æ—Ç–ø—Ä–∞–≤–ª—è—Ç—å –∏ –∏–º —Ç–æ–∂–µ, –∞ –ì–æ—Å–°–û–ü–ö–ê –ø—Ä–∏–Ω–∏–º–∞–µ—Ç –¥–∞–Ω–Ω—ã–µ –±–æ–ª–µ–µ —Ç–µ—Ö–Ω–∏—á–µ—Å–∫–æ–≥–æ —Ö–∞—Ä–∞–∫—Ç–µ—Ä–∞, —á–µ–º –≤ —Ñ–æ—Ä–º–µ –†–ö–ù.","–ö–æ–≥–¥–∞ —É –≤–∞—Å –ø—Ä–æ–∏–∑–æ—à–µ–ª –∏–Ω—Ü–∏–¥–µ–Ω—Ç, —É–∂–µ –ø–æ–∑–¥–Ω–æ —Å—Ç–∞–≤–∏—Ç—å –∞–Ω—Ç–∏–≤–∏—Ä—É—Å.","–ö–æ–≥–¥–∞ –∫–æ–º–ø–∞–Ω–∏—è –≤–∫–ª—é—á–∞–µ—Ç –ò–ë –ø–æ—Ç–µ—Ä–∏ –∏ –¥–æ—Ö–æ–¥—ã –≤ –µ–∂–µ–∫–≤–∞—Ä—Ç–∞–ª—å–Ω—ã–π –æ—Ç—á–µ—Ç P&L, —ç—Ç–æ –≥–æ–≤–æ—Ä–∏—Ç –æ–± –æ—Ç–≤–µ—Ç—Å—Ç–≤–µ–Ω–Ω–æ—Å—Ç–∏ –∫–æ–º–ø–∞–Ω–∏–∏ –ø–µ—Ä–µ–¥ —Å–≤–æ–∏–º–∏ –∞–∫—Ü–∏–æ–Ω–µ—Ä–∞–º–∏. –¶–ë –≤ –æ–¥–Ω–æ–º –∏–∑ –ø—Ä–æ–µ–∫—Ç–æ–≤ —Å–≤–æ–µ–π –æ—Ç—á–µ—Ç–Ω–æ—Å—Ç–∏ —Ç—Ä–µ–±—É–µ—Ç —É–∫–∞–∑—ã–≤–∞—Ç—å —Å—Ç–æ–∏–º–æ—Å—Ç—å —Å–∏—Å—Ç–µ–º—ã –ò–ë. –í—Å–µ-—Ç–∞–∫–∏ –æ—Ç—Ä–∞—Å–ª—å —Å—Ç–∞–Ω–æ–≤–∏—Ç—Å—è –±–æ–ª–µ–µ –∑—Ä–µ–ª–æ–π, –µ—Å–ª–∏ –æ—Ç —Ä–∞–∑–≥–æ–≤–æ—Ä–æ–≤ ¬´–¥–∞–π—Ç–µ –º–Ω–æ–≥–æ-–º–Ω–æ–≥–æ –¥–µ–Ω–µ–≥ –∏–±–æ —ç—Ç–æ–≥–æ —Ç—Ä–µ–±—É–µ—Ç –§–ó-152¬ª –º—ã —Å–¥–≤–∏–≥–∞–µ–º—Å—è –≤ —Ñ–∏–Ω–∞–Ω—Å–æ–≤—É—é –æ—Ü–µ–Ω–∫—É –¥–µ—è—Ç–µ–ª—å–Ω–æ—Å—Ç–∏ –ø–æ –∫–∏–±–µ—Ä–±–µ–∑–æ–ø–∞—Å–Ω–æ—Å—Ç–∏.","16 –ª–µ—Ç —Å –º–æ–º–µ–Ω—Ç–∞ –ø—Ä–∏–Ω—è—Ç–∏—è –§–ó-152 ¬´–û –ø–µ—Ä—Å–æ–Ω–∞–ª—å–Ω—ã—Ö –¥–∞–Ω–Ω—ã—Ö¬ª, –∫–æ—Ç–æ—Ä—ã–π –ø—Ä–∏–≤–µ–ª –∫ —Å–¥–≤–∏–≥–∞–º –≤ –æ—Ç—Ä–∞—Å–ª–∏ –ò–ë. –ù–∞ –∑–∞—â–∏—Ç—É –ø—Ä–∞–≤ —Å—É–±—ä–µ–∫—Ç–æ–≤ –ü–î–Ω, –ø—Ä–∞–≤–¥–∞, —ç—Ç–æ –Ω–∏–∫–∞–∫ –Ω–µ –ø–æ–≤–ª–∏—è–ª–æ üò©","|Ôø£Ôø£Ôø£Ôø£Ôø£Ôø£Ôø£Ôø£| 
|        –ù–ê –≠–¢–û–ô       | 
|         –ù–ï–î–ï–õ–ï        | 
|           –º–æ–∂–µ—Ç         | 
|        —Ä–µ—à–∏—Ç—å—Å—è     |
|         –º–Ω–æ–≥–æ–µ.       |
|_______________|
(\__/) || 
(‚Ä¢„ÖÖ‚Ä¢) || 
/        „Å•",–î–∏–∑–∞–π–Ω–µ—Ä —ç—Ç–æ–π —Ä–µ–∫–ª–∞–º—ã –ø–∏—Ä—Å–∏–Ω–≥–∞ –º–æ–≥ –±—ã –∏ –¥–ª—è –ø–µ–Ω—Ç–µ—Å—Ç–µ—Ä–æ–≤ —á—Ç–æ-–Ω–∏–±—É–¥—å –ø—Ä–µ–¥–ª–æ–∂–∏—Ç—å. –ò –¥–ª—è –ø—Ä–æ–∏–∑–≤–æ–¥–∏—Ç–µ–ª–µ–π –ø–∞—Ç—á-–º–µ–Ω–µ–¥–∂–º–µ–Ω—Ç–∞,"–ï—Å–ª–∏ –≤–¥—Ä—É–≥ —è —É–≤–æ–ª—é—Å—å –∏–∑ –°–∏—Å–∫–æ, –±—É–¥—É –ø–æ–¥—Ä–∞–±–∞—Ç—ã–≤–∞—Ç—å –∫–æ–ø–∏—Ä–∞–π—Ç–µ—Ä–æ–º –Ω–∞–¥–ø–∏—Å–µ–π –¥–ª—è –∫–æ–Ω–¥–∏—Ç–µ—Ä—Å–∫–∏—Ö –∏–∑–¥–µ–ª–∏–π","–í 2012-–º –≥–æ–¥—É –∞–º–µ—Ä–∏–∫–∞–Ω—Å–∫–æ–µ –ú–ß–° –ø—Ä–æ–≤–æ–¥–∏–ª–æ –∫–∏–±–µ—Ä—É—á–µ–Ω–∏—è, –≤ –∫–æ—Ç–æ—Ä—ã—Ö —ç–º—É–ª–∏—Ä–æ–≤–∞–ª–∞—Å—å –≥–ª–æ–±–∞–ª—å–Ω–∞—è –∫–∏–±–µ—Ä–∞—Ç–∞–∫–∞ –Ω–∞ –º–Ω–æ–∂–µ—Å—Ç–≤–æ —Ñ–µ–¥–µ—Ä–∞–ª—å–Ω—ã—Ö —É—á—Ä–µ–∂–¥–µ–Ω–∏–π –∏ –∫—Ä—É–ø–Ω—ã—Ö –ø—Ä–µ–¥–ø—Ä–∏—è—Ç–∏–π. –ù–∞ –≤–∏–¥–µ–æ –∫–∞–∫ —Ä–∞–∑ –ø–æ–∫–∞–∑–∞–Ω —Å–ø–µ—Ü–∏–∞–ª—å–Ω–æ —Å–¥–µ–ª–∞–Ω–Ω—ã–π —Ä–µ–ø–æ—Ä—Ç–∞–∂ –æ—Ç –Ω–µ—Å—É—â–µ—Å—Ç–≤—É—é—â–µ–≥–æ –∞–≥–µ–Ω—Ç—Å—Ç–≤–∞ –Ω–æ–≤–æ—Å—Ç–µ–π –æ –¥–∞–Ω–Ω–æ–π –∞—Ç–∞–∫–µ. –ü–æ —Ä–µ–∑—É–ª—å—Ç–∞—Ç–∞–º —ç—Ç–∏—Ö –∫–∏–±–µ—Ä—É—á–µ–Ω–∏–π –±—ã–ª –ø–æ–¥–≥–æ—Ç–æ–≤–ª–µ–Ω –æ—Ç—á–µ—Ç, –Ω–∞ –æ—Å–Ω–æ–≤–µ –∫–æ—Ç–æ—Ä–æ–≥–æ –±—ã–ª–∏ —Å–º–æ–¥–µ–ª–∏—Ä–æ–≤–∞–Ω—ã —Ä–∞–∑–Ω—ã–µ —Å—Ü–µ–Ω–∞—Ä–∏–∏ –∑–ª–æ—É–º—ã—à–ª–µ–Ω–Ω–∏–∫–æ–≤ –∏ —Ä–∞–∑—Ä–∞–±–æ—Ç–∞–Ω—ã –ø–ª–∞–Ω—ã —Ä–µ–∞–≥–∏—Ä–æ–≤–∞–Ω–∏—è –Ω–∞ –Ω–∏—Ö.

–ò –≤–æ—Ç —Ç–∞–∫–∞—è –∫–æ–Ω—Ü–µ–ø—Ü–∏—è ""–∫–∏–±–µ—Ä—É—á–µ–Ω–∏—è - —Å—Ü–µ–Ω–∞—Ä–Ω—ã–π –∞–Ω–∞–ª–∏–∑ - –≤—ã—è–≤–ª–µ–Ω–Ω—ã–µ —Å–ª–∞–±—ã–µ –º–µ—Å—Ç–∞ - –ø–ª–∞–Ω –¥–µ–π—Å—Ç–≤–∏–π"" —Å—Ç–∞–ª–∞ –æ—á–µ–Ω—å –ø–æ–ø—É–ª—è—Ä–Ω–æ–π –ø—Ä–∏ –ø—Ä–æ–≤–µ–¥–µ–Ω–∏–∏ —à—Ç–∞–±–Ω—ã—Ö —É—á–µ–Ω–∏–π. –í –Ω–µ–π —Å–∞–º–æ–µ –≥–ª–∞–≤–Ω–æ–µ –≤—Å–µ, —á—Ç–æ –¥–µ–ª–∞–µ—Ç—Å—è –ø–æ—Å–ª–µ —Å–∞–º–∏—Ö —É—á–µ–Ω–∏–π, –∞ –Ω–µ —Å–∞–º–∏ —É—á–µ–Ω–∏—è. –í–µ–¥—å –≤–∞–∂–Ω–æ –Ω–µ –ø—Ä–æ–π—Ç–∏/–ø—Ä–æ–≤–∞–ª–∏—Ç—å —É—á–µ–Ω–∏—è, –∞ –∏–∑–≤–ª–µ—á—å –∏–∑ –Ω–∏—Ö —É—Ä–æ–∫–∏.","–ê —ç—Ç–æ —Ç—Ä–æ–ª–ª–∏ –∏–∑ Cisco –≤ –º–µ–∂–¥—É–Ω–∞—Ä–æ–¥–Ω—ã–π –¥–µ–Ω—å –ø–∞—Ä–æ–ª–µ–π —á–∏—Ç–∞—é—Ç —É –∫–∞–º–∏–Ω–∞ –ø–æ—ç–º—É ""G00dby3 P@ssw0rds"" –æ —Ç–æ–º, —á—Ç–æ –ø–æ—Ä–∞ –ø–æ–ø—Ä–æ—â–∞—Ç—å—Å—è —Å –ø–∞—Ä–æ–ª—è–º–∏ üòä","14 —à–∞–≥–æ–≤ –ø–æ –º–∏–≥—Ä–∞—Ü–∏–∏ —Å –æ–¥–Ω–æ–≥–æ SOC –Ω–∞ –¥—Ä—É–≥–æ–π (–Ω–∞–ø—Ä–∏–º–µ—Ä, –≤ —Ä–∞–º–∫–∞—Ö –∏–º–ø–æ—Ä—Ç–æ–∑–∞–º–µ—â–µ–Ω–∏—è). –ù–∞ —Å–∞–º–æ–º –¥–µ–ª–µ, –ø–æ—Å—Ç—Ä–æ–µ–Ω–∏–µ SOC —Å –Ω—É–ª—è –º–æ–∂–µ—Ç –æ–∫–∞–∑–∞—Ç—å—Å—è –±–æ–ª–µ–µ –ø—Ä–æ—Å—Ç–æ–π –∑–∞–¥–∞—á–µ–π, —á–µ–º –º–∏–≥—Ä–∞—Ü–∏—è. –ê –º–∏–Ω–∏–º–∞–ª—å–Ω—ã–π —Å—Ä–æ–∫ –º–∏–≥—Ä–∞—Ü–∏–∏ - 19 –Ω–µ–¥–µ–ª—å.","–°—Ä–µ–¥–∞ - —ç—Ç–æ –º–∞–ª–µ–Ω—å–∫–∞—è –ø—è—Ç–Ω–∏—Ü–∞. –ü–æ—ç—Ç–æ–º—É —Ä–µ—à–∏–ª –∑–∞–ø—É—Å—Ç–∏—Ç—å –Ω–∞ —Å–∞–π—Ç–µ –Ω–µ–±–æ–ª—å—à–æ–π —Ç–µ—Å—Ç –æ –Ω–µ–∏–∑–≤–µ—Å—Ç–Ω—ã—Ö —Å—Ç—Ä–∞–Ω–∏—Ü–∞—Ö –æ—Ç–µ—á–µ—Å—Ç–≤–µ–Ω–Ω–æ–π –Ω–æ—Ä–º–∞—Ç–∏–≤–∫–∏. –ë—É–º–∞–∂–Ω–∞—è –±–µ–∑–æ–ø–∞—Å–Ω–æ—Å—Ç—å –≤ –Ω–∞—à–µ–π —Å—Ç—Ä–∞–Ω–µ –≤—Å–µ–≥–¥–∞ –∏–≥—Ä–∞–ª–∞ –æ—á–µ–Ω—å –≤–∞–∂–Ω—É—é —Ä–æ–ª—å –∏ —á–∞—Å—Ç–æ –º–Ω–æ–≥–∏–µ —Å–ø–µ—Ü–∏–∞–ª–∏—Å—Ç—ã –ø–æ –ò–ë –Ω–∞–∑—ã–≤–∞—é—Ç —Å–µ–±—è –∏—Å—Ç–∏–Ω–Ω—ã–º–∏ –∑–Ω–∞—Ç–æ–∫–∞–º–∏ –≤—Å–µ–≥–æ —Ç–æ–≥–æ, —á—Ç–æ –Ω–∞–≤—ã–ø—É—Å–∫–∞–ª–∏ –Ω–∞—à–∏ —Ä–µ–≥—É–ª—è—Ç–æ—Ä—ã –ø–æ –ò–ë ‚Äî –§–°–¢–≠–ö, –§–°–ë, –¶–ë, –ú–∏–Ω—Ü–∏—Ñ—Ä—ã, –ú–∏–Ω–û–±–æ—Ä–æ–Ω—ã –∏ —Ç.–ø. –ù–æ —Ç–∞–∫ –ª–∏ —ç—Ç–æ? –ü–æ–ø—Ä–æ–±—É–π—Ç–µ –ø—Ä–æ–π—Ç–∏ –Ω–µ–±–æ–ª—å—à–æ–π –∫–≤–∏–∑ –∏–∑ 12 –≤–æ–ø—Ä–æ—Å–æ–≤ –∏ —É–∑–Ω–∞–π—Ç–µ, —Ç–∞–∫ –ª–∏ –≤—ã —Ö–æ—Ä–æ—à–æ –∑–Ω–∞–µ—Ç–µ —Ç–≤–æ—Ä–µ–Ω–∏—è, –∫–æ—Ç–æ—Ä—ã–µ –≤—ã—à–ª–∏ –∏–ª–∏ –º–æ–≥–ª–∏ –≤—ã–π—Ç–∏ –∏–∑ –ø–æ–¥ –ø–µ—Ä–∞ –Ω–∞—à–∏—Ö —Ä–µ–≥—É–ª—è—Ç–æ—Ä–æ–≤?",–ê –Ω—É–∂–µ–Ω –ª–∏ —Å–µ–π—á–∞—Å –º–∞—Ä–∫–µ—Ç–∏–Ω–≥ —Ä–æ—Å—Å–∏–π—Å–∫–∏–º –≤–µ–Ω–¥–æ—Ä–∞–º –ø–æ –ò–ë? –ö–ª–∏–µ–Ω—Ç—ã —Å–∞–º–∏ –ø—Ä–∏—Ö–æ–¥—è—Ç; —É—Å–ø–µ–≤–∞–π —Ç–æ–ª—å–∫–æ –æ—Ç–≥—Ä—É–∂–∞—Ç—å..,"–§–°–¢–≠–ö –ø–æ—Ç–∏—Ö–æ–Ω—å–∫—É –≤–æ–∑–≤—Ä–∞—â–∞–µ—Ç—Å—è –∫ —Å–≤–æ–∏–º –∏—Å—Ç–æ–∫–∞–º, –∫–æ–≥–¥–∞ –æ–Ω–∏ –±–æ—Ä–æ–ª–∏—Å—å —Å –∏–Ω–æ—Å—Ç—Ä–∞–Ω–Ω—ã–º–∏ —Ç–µ—Ö–Ω–∏—á–µ—Å–∫–∏–º–∏ —Ä–∞–∑–≤–µ–¥–∫–∞–º–∏ –∏ –∑–∞–Ω–∏–º–∞–ª–∏—Å—å –≥–æ—Å—Ç–∞–π–Ω–æ–π. –°–µ–∫—Ä–µ—Ç—è—Ç –≤—Å–µ, —á—Ç–æ –º–æ–∂–Ω–æ –∏ –Ω–µ–ª—å–∑—è, –Ω—É–∂–Ω–æ –∏ –Ω–µ –Ω—É–∂–Ω–æ üòû –ù–æ —á—Ç–æ-—Ç–æ –≤—Å–µ-—Ç–∞–∫–∏ –≤—ã–ø–ª–µ—Å–∫–∏–≤–∞–µ—Ç—Å—è –Ω–∞ –ø–æ–≤–µ—Ä—Ö–Ω–æ—Å—Ç—å, –∫–∞–∫, –Ω–∞–ø—Ä–∏–º–µ—Ä, —ç—Ç–æ –±—ã–ª–æ –Ω–∞ –∫–æ–Ω—Ñ–µ—Ä–µ–Ω—Ü–∏–∏ –§–°–¢–≠–ö.","–í–≤–∏–¥—É —Å–∏—Ç—É–∞—Ü–∏–∏ —Å –∫–æ—Ä–æ–Ω–∞–≤–∏—Ä—É—Å–æ–º –∏ –ø—Ä–∏–Ω—è—Ç–∏–µ–º –ë–∞–Ω–∫–æ–º –†–æ—Å—Å–∏–∏ —Ä–µ—à–µ–Ω–∏—è –æ –ø–µ—Ä–µ–Ω–æ—Å–µ —Å–≤–æ–µ–≥–æ —É—á–∞—Å—Ç–∏—è –≤ –£—Ä–∞–ª—å—Å–∫–æ–º —Ñ–æ—Ä—É–º–µ –Ω–∞ —Å–ª–µ–¥—É—é—â–∏–π –≥–æ–¥, —Å–∞–º–æ –º–µ—Ä–æ–ø—Ä–∏—è—Ç–∏–µ –±—É–¥–µ—Ç –ø—Ä–æ–≤–µ–¥–µ–Ω–æ –≤ —á—É—Ç—å –±–æ–ª–µ–µ —É—Ä–µ–∑–∞–Ω–Ω–æ–º —Ñ–æ—Ä–º–∞—Ç–µ –≤ –ú–æ—Å–∫–≤–µ 18-–≥–æ –∞–ø—Ä–µ–ª—è. –≠—Ç–æ –∫–æ–Ω–µ—á–Ω–æ –æ–±–∏–¥–Ω–æ, –Ω–æ —Å –¥—Ä—É–≥–æ–π —Å—Ç–æ—Ä–æ–Ω—ã –¥–∞–µ—Ç –≤–æ–∑–º–æ–∂–Ω–æ—Å—Ç—å –ø–æ—É—á–∞—Å—Ç–≤–æ–≤–∞—Ç—å –≤ –∫–æ–Ω—Ñ–µ—Ä–µ–Ω—Ü–∏–∏ –§–°–¢–≠–ö 16 —Ñ–µ–≤—Ä–∞–ª—è. –ö—Ä–æ–º–µ —Ç–æ–≥–æ, —Å—Ç–∞–ª–∏ –∏–∑–≤–µ—Å—Ç–Ω—ã –¥–∞—Ç—ã ZeroNights. –ü–æ—ç—Ç–æ–º—É –æ–±–Ω–æ–≤–∏–ª –∫–∞–ª–µ–Ω–¥–∞—Ä—å –º–µ—Ä–æ–ø—Ä–∏—è—Ç–∏–π –ø–æ –ò–ë –Ω–∞ —Å–∞–π—Ç–µ.","–° –ù–æ–≤—ã–º –≥–æ–¥–æ–º! –í—Å–µ–º –±–µ–∑–æ–ø–∞—Å–Ω–æ—Å—Ç–∏ –≤–æ –≤—Å–µ–º –≤ –Ω–∞—Å—Ç—É–ø–∏–≤—à–µ–º –≥–æ–¥—É!

–ù–æ–≤—ã–π –≥–æ–¥, –Ω–æ–≤—ã–µ —Ü–µ–ª–∏, –Ω–æ–≤—ã–µ –æ–±–µ—â–∞–Ω–∏—è! –ü–æ—á–µ–º—É –±—ã –Ω–µ –∑–∞–≤–µ—Å—Ç–∏ –∏ –Ω–æ–≤—ã–µ –ø—Ä–∏–≤—ã—á–∫–∏ –ø–æ –ò–ë?! –ï—Å–ª–∏ –∏ –Ω–µ —É–¥–∞—Å—Ç—Å—è –ø—Ä–æ–¥–µ—Ä–∂–∞—Ç—å—Å—è —Ü–µ–ª—ã–π –≥–æ–¥, —Ç–æ —Ö–æ—Ç—è –±—ã –ø–∞—Ä–æ–ª–∏ –ø–æ–º–µ–Ω—è—Ç—å –µ—â–µ –º–æ–∂–Ω–æ —É—Å–ø–µ—Ç—å! –ì–ª–∞–≤–Ω–æ–µ, –Ω–µ –º–µ–Ω—è—Ç—å –∏—Ö –≤ —Å–∞–º—É –Ω–æ–≤–æ–≥–æ–¥–Ω—é—é –Ω–æ—á—å, –∞ —Ç–æ —Å —É—Ç—Ä–∞ –∏ –Ω–µ –≤—Å–ø–æ–º–Ω–∏—à—å ;-)","Cisco –≤—ã–ø—É—Å—Ç–∏–ª–∞ –∏–Ω—Ç–µ—Ä–µ—Å–Ω—ã–π –æ—Ç—á–µ—Ç Security Outcome Study Vol.2, –≤ –∫–æ—Ç–æ—Ä–æ–º —Å—Ä–µ–¥–∏ –ø—Ä–æ—á–µ–≥–æ –µ—Å—Ç—å —Ä–∞–∑–¥–µ–ª –∏ –ø–æ –æ—Ü–µ–Ω–∫–µ –ø—Ä–∞–∫—Ç–∏–∫ SecOps –≤ –æ—Ä–≥–∞–Ω–∏–∑–∞—Ü–∏—è—Ö –ø–æ –º–∏—Ä—É, –≤–∫–ª—é—á–∞—è –∏ –†–æ—Å—Å–∏—é (4% —Ä–µ—Å–ø–æ–Ω–¥–µ–Ω—Ç–æ–≤).

–ò–Ω—Ç–µ—Ä–µ—Å–Ω—ã–π –≥—Ä–∞—Ñ–∏–∫ –∫–∞—Å–∞—Ç–µ–ª—å–Ω–æ Threat Intelligence –ø—Ä–∞–∫—Ç–∏–∫–∏. –ö–æ–≥–¥–∞ —É —Ç–µ–±—è –µ–µ –Ω–µ—Ç, —É —Ç–µ–±—è –¥–æ—Å—Ç–∞—Ç–æ—á–Ω–æ —ç—Ñ—Ñ–µ–∫—Ç–∏–≤–Ω–æ –º–æ–∂–µ—Ç –±—ã—Ç—å –≤—ã—Å—Ç—Ä–æ–µ–Ω –ø—Ä–æ—Ü–µ—Å—Å –æ–±–Ω–∞—Ä—É–∂–µ–Ω–∏—è –∏ —Ä–µ–∞–≥–∏—Ä–æ–≤–∞–Ω–∏—è –Ω–∞ —É–≥—Ä–æ–∑—ã. –ö–æ–≥–¥–∞ —Ç—ã –≤–Ω–µ–¥—Ä—è–µ—à—å TI, —ç—Ñ—Ñ–µ–∫—Ç–∏–≤–Ω–æ—Å—Ç—å –æ–±–Ω–∞—Ä—É–∂–µ–Ω–∏—è –∏ —Ä–µ–∞–≥–∏—Ä–æ–≤–∞–Ω–∏—è —Å—É—â–µ—Å—Ç–≤–µ–Ω–Ω–æ –ø—Ä–æ—Å–µ–¥–∞–µ—Ç, —Ç–∞–∫ –∫–∞–∫ –∏–∑–ª–∏—à–Ω–µ –ø–æ–ª–∞–≥–∞–µ–º—Å—è –Ω–∞ TI. –ò —Ç–æ–ª—å–∫–æ –ø—Ä–∏ –∑—Ä–µ–ª–æ–º TI (–∞ —ç—Ç–æ —Ä–µ–¥–∫–æ—Å—Ç—å), –ø—Ä–æ—Ü–µ—Å—Å—ã —Ä–µ–∞–≥–∏—Ä–æ–≤–∞–Ω–∏—è —É –Ω–∞—Å –≤–Ω–æ–≤—å —É–ª—É—á—à–∞—é—Ç—Å—è –∏ —Å—Ç–∞–Ω–æ–≤—è—Ç—Å—è –¥–∞–∂–µ —ç—Ñ—Ñ–µ–∫—Ç–∏–≤–Ω–µ–µ.

–ò–Ω—ã–º–∏ —Å–ª–æ–≤–∞–º–∏, –Ω–µ –≤—Å—è–∫–∏–π TI –ø–æ–ª–µ–∑–µ–Ω –¥–ª—è SOC. –í—Ä–æ–¥–µ –æ—á–µ–≤–∏–¥–Ω–æ, –Ω–æ —Ç—É—Ç –µ—â–µ –∏ —Å —Ü–∏—Ñ—Ä–∞–º–∏ –≤ —Ä—É–∫–∞—Ö","–ú–∏–Ω—Ü–∏—Ñ—Ä—ã –ø—Ä–∏–≥—Ä–æ–∑–∏–ª–æ –ò–ë-–∫–æ–º–ø–∞–Ω–∏—è–º (–≤ —á–∞—Å—Ç–Ω–æ—Å—Ç–∏, –ê–ª—å—Ç—ç–ª—å, –¶–ë–ò, –ú–û –ü–ù–ò–≠–ò, –ö—Ä–∏–±—Ä—É–º) –∏—Å–∫–ª—é—á–∏—Ç—å –∏—Ö –∏–∑ —Ä–µ–µ—Å—Ç—Ä–∞ –ø–æ—Å—Ç–∞–≤—â–∏–∫–æ–≤ –æ—Ç–µ—á–µ—Å—Ç–≤–µ–Ω–Ω–æ–≥–æ –ü–û - https://reestr.digital.gov.ru/irrelevant_right_holders/","–°–æ–≥–ª–∞—Å–Ω–æ –∏–Ω—Ñ–æ—Ä–º–∞—Ü–∏–∏ —Å —Å–∞–π—Ç–∞ –ú–∏–Ω—Ü–∏—Ñ—Ä—ã –†–æ—Å—Å–∏–∏ –∞–∫–∫—Ä–µ–¥–∏—Ç–∞—Ü–∏—è —É–¥–æ—Å—Ç–æ–≤–µ—Ä—è—é—â–µ–≥–æ —Ü–µ–Ω—Ç—Ä–∞ –§–ì–ë–£ ¬´–ò–Ω—Ñ–æ—Ä–º–∞—Ü–∏–æ–Ω–Ω–æ-–∞–Ω–∞–ª–∏—Ç–∏—á–µ—Å–∫–∏–π —Ü–µ–Ω—Ç—Ä –ø–æ–¥–¥–µ—Ä–∂–∫–∏ –ì–ê–° ¬´–ü—Ä–∞–≤–æ—Å—É–¥–∏–µ¬ª (–§–ì–ë–£ –ò–ê–¶ –°—É–¥–µ–±–Ω–æ–≥–æ –¥–µ–ø–∞—Ä—Ç–∞–º–µ–Ω—Ç–∞) –∑–∞–∫–æ–Ω—á–∏–ª–∞—Å—å –æ–∫–æ–ª–æ –≥–æ–¥–∞ –Ω–∞–∑–∞–¥ - 26.11.2020 (—Å—Ç—Ä–æ–∫–∞ 106).
–ü—Ä–∏ —ç—Ç–æ–º –¥–∞–Ω–Ω–∞—è –æ—Ä–≥–∞–Ω–∏–∑–∞—Ü–∏—è –≤ 2021 –≥–æ–¥—É –æ—Å—É—â–µ—Å—Ç–≤–ª—è–ª–∞ –≤—ã–¥–∞—á—É —Å–µ—Ä—Ç–∏—Ñ–∏–∫–∞—Ç–æ–≤ –≠–ü —Å—É–¥—å—è–º (1, 2). 
–°–æ–≥–ª–∞—Å–Ω–æ –ó–∞–∫–æ–Ω—É –æ–± —ç–ª–µ–∫—Ç—Ä–æ–Ω–Ω–æ–π –ø–æ–¥–ø–∏—Å–∏ - —ç–ª–µ–∫—Ç—Ä–æ–Ω–Ω–∞—è –ø–æ–¥–ø–∏—Å—å, —Å–µ—Ä—Ç–∏—Ñ–∏–∫–∞—Ç –∫–æ—Ç–æ—Ä–æ–π –≤—ã–¥–∞–Ω –Ω–µ–∞–∫–∫—Ä–µ–¥–∏—Ç–æ–≤–∞–Ω–Ω—ã–º —É–¥–æ—Å—Ç–æ–≤–µ—Ä—è—é—â–∏–º —Ü–µ–Ω—Ç—Ä–æ–º, –Ω–µ –º–æ–∂–µ—Ç —Å—á–∏—Ç–∞—Ç—å—Å—è –∫–≤–∞–ª–∏—Ñ–∏—Ü–∏—Ä–æ–≤–∞–Ω–Ω–æ–π.",–¢–µ–ø–µ—Ä—å –∏ –ë–∞–Ω–∫ –†–æ—Å—Å–∏–∏ –≤–≤–æ–¥–∏—Ç –æ–±—è–∑–∞–Ω–Ω–æ—Å—Ç—å –º–æ–¥–µ–ª–∏—Ä–æ–≤–∞—Ç—å —É–≥—Ä–æ–∑—ã (–µ—Å–ª–∏ –ø—Ä–∏–º—É—Ç —Å–æ–æ—Ç–≤–µ—Ç—Å—Ç–≤—É—é—â–∏–µ –ø—Ä–∞–≤–∫–∏). –ü—Ä–∞–≤–¥–∞ –±–µ–∑ –¥–µ—Ç–∞–ª–∏–∑–∞—Ü–∏–∏ - –º–µ—Ç–æ–¥–∏–∫—É –º–æ–¥–µ–ª–∏—Ä–æ–≤–∞–Ω–∏—è –∫—Ä–µ–¥–∏—Ç–Ω–∞—è –æ—Ä–≥–∞–Ω–∏–∑–∞—Ü–∏—è –æ–±—è–∑–∞–Ω–∞ —Ä–∞–∑—Ä–∞–±–æ—Ç–∞—Ç—å —Å–∞–º–æ—Å—Ç–æ—è—Ç–µ–ª—å–Ω–æ,"–ì–ª–∞–≤–Ω—ã–π —Ä–∞–¥–∏–æ—á–∞—Å—Ç–æ—Ç–Ω—ã–π —Ü–µ–Ω—Ç—Ä (–§–ì–£–ü –ø—Ä–∏ –†–æ—Å–∫–æ–º–Ω–∞–¥–∑–æ—Ä–µ) –æ–±—ä—è–≤–∏–ª –∑–∞–∫—É–ø–∫—É –Ω–∞ ""–í—ã–ø–æ–ª–Ω–µ–Ω–∏–µ —Ä–∞–±–æ—Ç –ø–æ —Å–æ–∑–¥–∞–Ω–∏—é –∞–≤—Ç–æ–º–∞—Ç–∏–∑–∏—Ä–æ–≤–∞–Ω–Ω–æ–π —Å–∏—Å—Ç–µ–º—ã –º–æ–Ω–∏—Ç–æ—Ä–∏–Ω–≥–∞ –Ω–∞—Ä—É—à–µ–Ω–∏–π –ø—Ä–∞–≤ —Å—É–±—ä–µ–∫—Ç–æ–≤ –ø–µ—Ä—Å–æ–Ω–∞–ª—å–Ω—ã—Ö –¥–∞–Ω–Ω—ã—Ö –≤ —Å–µ—Ç–∏ ¬´–ò–Ω—Ç–µ—Ä–Ω–µ—Ç¬ª "" [1] (–ê–° –ú–ü–î–Ω)

–ó–∞–∫—É–ø–∞—é—Ç –æ–Ω–∏ –ø–æ 223-–§–ó, –ø–æ—ç—Ç–æ–º—É –ø–æ–±–µ–¥–∏—Ç–µ–ª—è —Ç–æ—Ä–≥–æ–≤ –º—ã –Ω–µ —É–∑–Ω–∞–µ–º, –∞ –≤–æ—Ç –Ω–∞ —á—Ç–æ —Ç–æ—á–Ω–æ –º–æ–∂–Ω–æ –∏ –Ω—É–∂–Ω–æ –æ–±—Ä–∞—Ç–∏—Ç—å –≤–Ω–∏–º–∞–Ω–∏–µ —Ç–∞–∫ —ç—Ç–æ –Ω–∞ —á—Ä–µ–∑–≤—ã—á–∞–π–Ω–æ –¥–µ—Ç–∞–ª—å–Ω–æ–µ —Ç–µ—Ö–Ω–∏—á–µ—Å–∫–æ–µ –∑–∞–¥–∞–Ω–∏–µ —Å —Ç—â–∞—Ç–µ–ª—å–Ω—ã–º –ø–µ—Ä–µ—á–∏—Å–ª–µ–Ω–∏–µ–º –≤—Å–µ—Ö —Ç–µ—Ö–Ω–∏—á–µ—Å–∫–∏—Ö —Å—Ä–µ–¥—Å—Ç–≤ –ø—Ä–µ–¥–ø–æ–ª–∞–≥–∞–µ–º—ã—Ö –∫ –∏—Å–ø–æ–ª—å–∑–æ–≤–∞–Ω–∏—é, —á—Ç–æ, —á–∞—â–µ, –±—ã–≤–∞–µ—Ç –∫–æ–≥–¥–∞ –¢–ó –ø–∏—à–µ—Ç –ø–æ—Å—Ç–∞–≤—â–∏–∫ –ø—Ä–µ–¥–æ–ø—Ä–µ–¥–µ–ª–µ–Ω–Ω—ã–π –≥–æ—Å–∑–∞–∫–∞–∑—á–∏–∫–æ–º. –ù–æ, –æ–ø—è—Ç—å –∂–µ, —Å —Å–∞–π—Ç–∞ –ï–ò–° –º—ã –æ –ø–æ—Å—Ç–∞–≤—â–∏–∫–µ –Ω–µ —É–∑–Ω–∞–µ–º.

–ó–∞—Ç–æ –º–æ–∂–Ω–æ –æ–±—Ä–∞—Ç–∏—Ç—å –≤–Ω–∏–º–∞–Ω–∏–µ –ø–æ –∫–∞–∫–∏–º –∫–ª—é—á–µ–≤—ã–º —Å–ª–æ–≤–∞–º –†–æ—Å–∫–æ–º–Ω–∞–¥–∑–æ—Ä —Å–æ–±–∏—Ä–∞–µ—Ç—Å—è –∏—Å–∫–∞—Ç—å —Å–∞–π—Ç—ã —Ä–∞—Å–ø—Ä–æ—Å—Ç—Ä–∞–Ω—è—é—â–∏–µ –ü–î–Ω. 

–ö–∞–∫ –±—ã —Å–∫–∞–∑–∞—Ç—å –ø–æ–º—è–≥—á–µ, —Å–∏—Å—Ç–µ–º–∞ –≤ –±—É–¥–µ—Ç —Å–æ–≤–µ—Ä—à–µ–Ω–Ω–æ –±–µ—Å—Å–º—ã—Å–ª–µ–Ω–Ω–∞. –ï—ë –∑–∞–∫–∞–∑—á–∏–∫–∏ —è–≤–Ω–æ –Ω–µ –ø–æ–Ω–∏–º–∞—é—Ç –∫–∞–∫ —É—Å—Ç—Ä–æ–µ–Ω–æ —Ä–∞—Å–ø—Ä–æ—Å—Ç—Ä–∞–Ω–µ–Ω–∏–µ –ø–µ—Ä—Å–æ–Ω–∞–ª—å–Ω—ã—Ö –¥–∞–Ω–Ω—ã—Ö. 

–°—Å—ã–ª–∫–∏:
[1] https://zakupki.gov.ru/223/purchase/public/purchase/info/common-info.html?regNumber=32110590564

#privacy #rkn #procurement","–û–±–Ω–æ–≤–∏–ª —Å–ø–∏—Å–æ–∫ –∑–Ω–∞—á–∏–º—ã—Ö –æ—á–Ω—ã—Ö –º–µ—Ä–æ–ø—Ä–∏—è—Ç–∏–π –ø–æ –ò–ë - https://t.co/NycnWtsTnI –ü–æ —Å—É—Ç–∏ –¥–æ–±–∞–≤–∏–ª –¥–∞—Ç—ã SOC Forum, Antifraud, –ò–Ω—Ñ–æ–±–µ—Ä–µ–≥, –∞ —Ç–∞–∫–∂–µ —É—Ç–æ—á–Ω–∏–ª –¥–∞—Ç—ã —Å ZeroNights.
‚Äî Alexey Lukatsky (@alukatsky) Jul 20, 2021","SOC - —ç—Ç–æ –Ω–µ –∞–Ω–∞–ª–∏—Ç–∏–∫–∏ L1, —Å–º–æ—Ç—Ä—è—â–∏–µ –≤ –º–æ–Ω–∏—Ç–æ—Ä—ã. –≠—Ç–æ —Å–ø–æ—Å–æ–±–Ω–æ—Å—Ç—å –∫–æ–º–ø–∞–Ω–∏–∏ –æ–±–Ω–∞—Ä—É–∂–∏–≤–∞—Ç—å –∏ —Ä–µ–∞–≥–∏—Ä–æ–≤–∞—Ç—å –Ω–∞ —É–≥—Ä–æ–∑—ã –≤ –º–∞—Å—à—Ç–∞–±–µ –ø—Ä–µ–¥–ø—Ä–∏—è—Ç–∏—è (—Å) –ê–Ω—Ç–æ–Ω –ß—É–≤–∞–∫–∏–Ω","–ö–æ–≥–Ω–∏—Ç–∏–≤–Ω—ã–µ –∏—Å–∫–∞–∂–µ–Ω–∏—è –∏ –ø—Ä–µ–¥—É–±–µ–∂–¥–µ–Ω–∏—è –≤ –ò–ë. –ü—Å–∏—Ö–æ–ª–æ–≥–∏—è - –Ω–µ—á–∞—Å—Ç–∞—è —Ç–µ–º–∞ –Ω–∞ –∫–æ–Ω—Ñ–µ—Ä–µ–Ω—Ü–∏—è—Ö, –Ω–æ –±—ã–≤–∞–µ—Ç #RSAC –ù–∞ –æ–¥–Ω–æ–º SOC–æ–≤—Å–∫–æ–º –º–µ—Ä–æ–ø—Ä–∏—è—Ç–∏–∏ –±—ã–ª–∞ –∏–Ω—Ç–µ—Ä–µ—Å–Ω–∞—è —Ç–µ–º–∞ –ø—Ä–æ –ø—Å–∏—Ö–æ–ª–æ–≥–∏—á–µ—Å–∫—É—é —Å–ª–µ–ø–æ—Ç—É, –Ω–µ–ø–æ–∑–≤–æ–ª—è—é—â—É—é –≤–∏–¥–µ—Ç—å –∞—Ç–∞–∫–∏. –¢–∞–º –∂–µ –±—ã–ª –∏–Ω—Ç–µ—Ä–µ—Å–Ω—ã–π –¥–æ–∫–ª–∞–¥ –ø—Ä–æ –ø—Å–∏—Ö–æ–ª–æ–≥–∏—é –ø—Ä–∏–Ω—è—Ç–∏—è —Ä–µ—à–µ–Ω–∏–π –≤ –ò–ë pic.twitter.com/WdJHIOkPC5
‚Äî Alexey Lukatsky (@alukatsky) May 19, 2021","–¢—Ä–æ—è–Ω—Å–∫–∏–π –∫–æ–Ω—å Searchinform

–£—á—Ä–µ–¥–∏—Ç–µ–ª—å –û–û–û ¬´–°–µ—Ä—á–ò–Ω—Ñ–æ—Ä–º¬ª –±—ã–≤—à–∏–π –≥—Ä–∞–∂–¥–∞–Ω–∏–Ω –†–µ—Å–ø—É–±–ª–∏–∫–∏ –ë–µ–ª–∞—Ä—É—Å—å –ú–∞—Ç–≤–µ–µ–≤ –õ–µ–≤ –º–æ–∂–µ—Ç –ø–æ–º–æ—á—å –°–®–ê –≤–∑–ª–æ–º–∞—Ç—å —Å–∏—Å—Ç–µ–º—É –±–µ–∑–æ–ø–∞—Å–Ω–æ—Å—Ç–∏ —Ä–æ—Å—Å–∏–π—Å–∫–æ–π –æ–±–æ—Ä–æ–Ω–∫–∏.
–ö–∞–∫ –æ–∫–∞–∑–∞–ª–æ—Å—å, –ø–æ—Å—Ç–∞–≤—â–∏–∫ –ø—Ä–æ–≥—Ä–∞–º–º–Ω–æ–≥–æ –æ–±–µ—Å–ø–µ—á–µ–Ω–∏—è –¥–ª—è —Ç–∞–∫–∏—Ö –∫–∞–º–ø–∞–Ω–∏–π –∫–∞–∫¬†¬†–í–ö–û ""–ê–õ–ú–ê–ó - –ê–ù–¢–ï–ô"", ""–†–æ—Å—Å–∏–π—Å–∫–∞—è –∫–æ—Ä–ø–æ—Ä–∞—Ü–∏—è —Ä–∞–∫–µ—Ç–Ω–æ-–∫–æ—Å–º–∏—á–µ—Å–∫–æ–≥–æ –ø—Ä–∏–±–æ—Ä–æ—Å—Ç—Ä–æ–µ–Ω–∏—è –∏ –∏–Ω—Ñ–æ—Ä–º–∞—Ü–∏–æ–Ω–Ω—ã—Ö —Å–∏—Å—Ç–µ–º"", ¬´–°—É—Ö–æ–π¬ª –∑–∞—Ä–µ–≥–∏—Å—Ç—Ä–∏—Ä–æ–≤–∞–ª —Å–≤–æ—é —Ä–∞–∑—Ä–∞–±–æ—Ç–∫—É –∫–æ–Ω—Ç—É—Ä–∞ –∏–Ω—Ñ–æ—Ä–º–∞—Ü–∏–æ–Ω–Ω–æ–π –±–µ–∑–æ–ø–∞—Å–Ω–æ—Å—Ç–∏ Searchinform —Å—Ä–∞–∑—É –≤ —Ç—Ä–µ—Ö —Å—Ç—Ä–∞–Ω–∞—Ö ‚Äì –ê–Ω–≥–ª–∏–∏, –°–µ–π—à–µ–ª—å—Å–∫–∏—Ö –æ—Å—Ç—Ä–æ–≤–∞—Ö –∏ –†–æ—Å—Å–∏–∏. –¢–µ–ø–µ—Ä—å —É–≥—Ä–æ–∑—ã –°–®–ê –ø—Ä–æ–≤–µ—Å—Ç–∏ –∫–∏–±–µ—Ä–∞—Ç–∞–∫–∏ –Ω–∞ —Ä–æ—Å—Å–∏–π—Å–∫—É—é –∏–Ω—Ñ—Ä–∞—Å—Ç—Ä—É–∫—Ç—É—Ä—É —É–∂–µ –Ω–µ –∫–∞–∂—É—Ç—Å—è —Ñ–∞–Ω—Ç–∞—Å—Ç–∏—á–µ—Å–∫–∏–º–∏.

–ò–Ω—Ñ–æ—Ä–º–∞—Ü–∏–æ–Ω–Ω–æ–µ IT –±–µ–∑—Ä–∞—Å—Å—É–¥—Å—Ç–≤–æ

–ö–æ–º—É –°–µ—Ä—á–ò–Ω—Ñ–æ—Ä–º –º–æ–∂–µ—Ç —Å–ª–∏–≤–∞—Ç—å –∫–æ–¥—ã –±–µ–∑–æ–ø–∞—Å–Ω–æ—Å—Ç–∏ —Ä–æ—Å—Å–∏–π—Å–∫–æ–π –æ–±–æ—Ä–æ–Ω–∫–∏?",–ù—É –∏ —Å–∞–º–∞ –ø—Ä–µ–∑–µ–Ω—Ç–∞—Ü–∏—è —Å CISO Forum 2021,–ê –≤–æ—Ç —Å–ª–æ–≤–æ Russian –º–æ–∂–Ω–æ –±—ã–ª–æ –±—ã –∏ –±–µ–∑ –æ—à–∏–±–æ–∫ –Ω–∞–ø–∏—Å–∞—Ç—å,"–ü—Ä–µ–∑–µ–Ω—Ç–∞—Ü–∏—è –®–µ–≤—Ü–æ–≤–∞ –î.–ù. (–§–°–¢–≠–ö) —Å –∫–æ–Ω—Ñ–µ—Ä–µ–Ω—Ü–∏–∏¬´–ê–∫—Ç—É–∞–ª—å–Ω—ã–µ –≤–æ–ø—Ä–æ—Å—ã –∑–∞—â–∏—Ç—ã –∏–Ω—Ñ–æ—Ä–º–∞—Ü–∏–∏¬ª –ø—Ä–æ —Ç—Ä–µ–±–æ–≤–∞–Ω–∏—è –ø–æ –ò–ë –ø—Ä–∏ –¥–∏—Å—Ç–∞–Ω—Ü–∏–æ–Ω–Ω–æ–π —Ä–∞–±–æ—Ç–µ - https://t.co/0qyIf5SCY7
‚Äî Alexey Lukatsky (@alukatsky) February 18, 2021","–ß—Ç–æ-—Ç–æ –º–Ω–µ –ø–æ–¥—Å–∫–∞–∑—ã–≤–∞–µ—Ç, —á—Ç–æ –ø–∞—Ä–æ–ª—å –≤ —ç—Ç–æ–º –ª–æ—Ñ—Ç–µ –Ω–µ –º–µ–Ω—è–ª–∏ —É–∂–µ 6 –ª–µ—Ç...","–û–ø—É–±–ª–∏–∫–æ–≤–∞–Ω—ã –≤—Å–µ –∑–∞–ø–∏—Å–∏ –¥–æ–∫–ª–∞–¥–æ–≤ —Å Kaspersky Industrial Cybersecurity conference (KICS con) 2020. –ü—Ä–µ–∑–µ–Ω—Ç–∞—Ü–∏–∏ –±—ã–ª–∏ –≤—ã–ª–æ–∂–µ–Ω—ã —Ä–∞–Ω—å—à–µ –Ω–∞ —Å–∞–π—Ç–µ –∫–æ–Ω—Ñ–µ—Ä–µ–Ω—Ü–∏–∏.

https://www.youtube.com/playlist?list=PL86zv_GQQ5tgCL3ujKXF-UQe6UQKEMGka","–û, –ø—è—Ç–∏–ª–µ—Ç–Ω–µ–π –¥–∞–≤–Ω–æ—Å—Ç–∏ –≤–∏–¥–µ–æ –≤—Å–ø–ª—ã–ª–æ","–ü–æ—á–µ–º—É TheHive –æ—Ç—Å—Ç–æ–π (–ø–æ –≤–µ—Ä—Å–∏–∏ –≤–µ–Ω–¥–æ—Ä–æ–≤ –∫–æ–º–º–µ—Ä—á–µ—Å–∫–∏—Ö SOAR), –≤—ã —É–∑–Ω–∞–µ—Ç–µ –∏–∑ –∑–∞–ø–∏—Å–∏ —ç—Ñ–∏—Ä–∞ AM Live –ø—Ä–æ SOAR - https://t.co/IJWLqr76ol –ê –≤–æ—Ç –æ—Ç–≤–µ—Ç –Ω–∞ –≤–æ–ø—Ä–æ—Å, –ø–æ—á–µ–º—É —É –∫–æ–º–ø–∞–Ω–∏–π R-Vision –∏ Security Vision —Å—Ö–æ–∂–∏–µ –Ω–∞–∑–≤–∞–Ω–∏—è, –æ—Å—Ç–∞–ª—Å—è –∑–∞ –∫–∞–¥—Ä–æ–º...
‚Äî Alexey Lukatsky (@alukatsky) October 23, 2020",–ò –µ—â–µ –ø—Ä–µ–∫—Ä–∞—Å–Ω–æ–µ –≤ –¥–æ–≥–æ–Ω–∫—É –≤ —Ç–µ–º—É –∏—Å–ø–æ–ª—å–∑–æ–≤–∞–Ω–∏—è –≠–ü —É–∂–µ —É–≤–æ–ª–µ–Ω–Ω–æ–π –∑–∞–º–º–∏–Ω–∏—Å—Ç—Ä–∞,"–ü—Ä–æ–µ–∫—Ç –ì–û–°–¢–∞ –ø–æ –ì–æ—Å–°–û–ü–ö–ï: –∫–∞—á–µ—Å—Ç–≤–æ –Ω–∏–∂–µ –ø–ª–∏–Ω—Ç—É—Å–∞. –ë–æ–ª—å—à–∏–Ω—Å—Ç–≤–æ —Ç–µ—Ä–º–∏–Ω–æ–≤ –Ω–µ —Å–æ–≤–ø–∞–¥–∞–µ—Ç –Ω–∏ —Å —É–∂–µ –ø—Ä–∏–Ω—è—Ç—ã–º–∏ –∑–∞–∫–æ–Ω–∞–º–∏, –Ω–∏ —Å –Ω–æ—Ä–º–∞—Ç–∏–≤–∫–æ–π –§–°–¢–≠–ö, –Ω–∏ —Å –Ω–æ—Ä–º–∞—Ç–∏–≤–∫–æ–π –§–°–ë, –Ω–∏ –¥–∞–∂–µ —Å –ø—Ä–∏–Ω–∏–º–∞–µ–º—ã–º–∏ —Å–µ–π—á–∞—Å –ø—Ä–æ–µ–∫—Ç–∞–º–∏ –¥—Ä—É–≥–∏—Ö –ì–û–°–¢–æ–≤ –ø–æ –ò–ë —Å—Ö–æ–∂–µ–π —Ç–µ–º–∞—Ç–∏–∫–∏ (–ø—Ä–∏ –æ–¥–Ω–æ–º –∏—Å–ø–æ–ª–Ω–∏—Ç–µ–ª–µ). –ó–∞—Å–ª–∞–ª –æ—Ç–∑—ã–≤ :-(
‚Äî Alexey Lukatsky (@alukatsky) August 19, 2020","–ò–Ω—Ç–µ—Ä–µ—Å–Ω–æ, –ú–∏–Ω–∫–æ–º—Å–≤—è–∑—å —Å—á–∏—Ç–∞–µ—Ç, —á—Ç–æ —Ö—ç—à–∏—Ä–æ–≤–∞–Ω–∏–µ –Ω–µ –ø–æ–∑–≤–æ–ª—è–µ—Ç –∏–¥–µ–Ω—Ç–∏—Ñ–∏—Ü–∏—Ä–æ–≤–∞—Ç—å –≥—Ä–∞–∂–¥–∞–Ω–∏–Ω–∞ https://t.co/UUe1smd1zT, —Ö–æ—Ç—è —Ä–∞–Ω—å—à–µ @roscomnadzor —É—Ç–≤–µ—Ä–∂–¥–∞–ª, —á—Ç–æ —ç—Ç–æ –Ω–µ —Ç–∞–∫ https://t.co/UhSHMVjFyr –ß—Ç–æ –ø–æ–º–µ–Ω—è–ª–æ—Å—å, —Ö—ç—à–∏ –∏–ª–∏ –¥–∞–Ω–Ω—ã–µ?
‚Äî Russian cryptography (@CryptographyRU) July 11, 2020",–í—ã—Ö–æ–¥ –≤ –í–∞—à–∏–Ω–≥—Ç–æ–Ω,"–ö–∞–∫ —è –º–æ–¥–µ–ª–∏—Ä–æ–≤–∞–ª —É–≥—Ä–æ–∑—ã –ø–æ –ø—Ä–æ–µ–∫—Ç—É –Ω–æ–≤–æ–π –º–µ—Ç–æ–¥–∏–∫–∏ –§–°–¢–≠–ö. –ß–∞—Å—Ç—å 5 https://t.co/2I2oMOUAEF
‚Äî Alexey Lukatsky (@alukatsky) April 23, 2020","–ù—É –∏ –µ—â–µ –æ–¥–∏–Ω –∫—Ä–∏–ø—Ç–æ–≥—Ä–∞—Ñ–∏—á–µ—Å–∫–∏–π —Ä–µ–±—É—Å —Å #—Ä—É—Å–∫—Ä–∏–ø—Ç–æ pic.twitter.com/9CfaJrvHKJ
‚Äî Alexey Lukatsky (@alukatsky) March 24, 2020","–ì–æ–ª–æ—Å–æ–≤–∞–Ω–∏–µ –Ω–∞ #ibbank: –ü–æ–¥–¥–µ—Ä–∂–∏–≤–∞–µ—Ç–µ –ª–∏ –≤—ã —É—Å–∏–ª–∏—è –ë–∞–Ω–∫–∞ –†–æ—Å—Å–∏–∏ –≤ –æ–±–ª–∞—Å—Ç–∏ —Ä–µ–≥—É–ª–∏—Ä–æ–≤–∞–Ω–∏—è –ò–ë? –í–∞—Ä–∏–∞–Ω—Ç—ã –æ—Ç–≤–µ—Ç–æ–≤:
- –î–∞, –∫–æ–Ω–µ—á–Ω–æ
- –î–∞, –ø–æ–¥–¥–µ—Ä–∂–∏–≤–∞—é
- –£—Ä–∞!
(–®—É—Ç–∫–∞)‚Äî Alexey Lukatsky (@alukatsky) February 18, 2020","–†–∞–∑–±–æ—Ä –∏–Ω—Ç–µ–ª–ª–µ–∫—Ç—É–∞–ª—å–Ω–æ–π –∏–≥—Ä—ã ""–ü–æ—á—É–≤—Å—Ç–≤—É–π —Å–µ–±—è –∞–Ω–∞–ª–∏—Ç–∏–∫–æ–º SOC"", –ø—Ä–æ–≤–µ–¥–µ–Ω–Ω–æ–π –Ω–∞–º–∏ –≤ —Ä–∞–º–∫–∞—Ö SOC Forum - https://t.co/9NP6Xrtn4d pic.twitter.com/vUGW4lIG1n
‚Äî Cisco Russia&CIS (@CiscoRussia) January 14, 2020","–ë–ª–∏—Ü-–∏–Ω—Ç–µ—Ä–≤—å—é: –ê–ª–µ–∫—Å–µ–π –õ—É–∫–∞—Ü–∫–∏–π –æ –ø–æ—Å—Ç—Ä–æ–µ–Ω–∏–∏ –∑–∞—â–∏—Ç—ã, ¬´–ì–∏–¥—Ä–µ¬ª –∏ —Ñ–æ—Ä–º—É–ª–µ –≤–∑–ª–æ–º–∞ - ¬´–•–∞–∫–µ—Ä¬ª https://t.co/rHRY28W03j
‚Äî Alexey Lukatsky (@alukatsky) November 20, 2019","–≠—Å–∫–∞–ª–∞—Ü–∏—è –∏–Ω—Ü–∏–¥–µ–Ω—Ç–æ–≤ –ò–ë https://t.co/zJIi9CVIu1
‚Äî Alexey Lukatsky (@alukatsky) October 21, 2019","pic.twitter.com/ImAgGhj2EJ
‚Äî Alexey Lukatsky (@alukatsky) September 1, 2019","185 —Ä–∞—Å—Å–µ–∫—Ä–µ—á–µ–Ω–Ω—ã—Ö –¥–æ–∫—É–º–µ–Ω—Ç–æ–≤ –∏–∑ –∞–º–µ—Ä–∏–∫–∞–Ω—Å–∫–æ–π –∏—Å—Ç–æ—Ä–∏–∏ –ò–ë –∑–∞ 25 –ª–µ—Ç https://t.co/yIJbjAflsB
‚Äî Alexey Lukatsky (@alukatsky) June 30, 2019","–í—ã–ª–æ–∂–∏–ª–∏ –ø—Ä–µ–∑–µ–Ω—Ç–∞—Ü–∏–∏ –∏ –≤–∏–¥–µ–æ —Å –ø–æ—Ç–æ–∫–∞ –ø–æ –∫–∏–±–µ—Ä–±–µ–∑–æ–ø–∞—Å–Ω–æ—Å—Ç–∏ –Ω–∞ Cisco Connect - https://t.co/Fxgdz0LNFi
‚Äî Alexey Lukatsky (@alukatsky) April 26, 2019","–ê–Ω–æ–Ω—Å–∏—Ä–æ–≤–∞–ª–∏ –Ω–æ–≤—ã–π neoquest –ø–æ –∫–∏–±–µ—Ä–±–µ–∑–æ–ø–∞—Å–Ω–æ—Å—Ç–∏¬†—Å 14 –ø–æ 25 –º–∞—Ä—Ç–∞. –ó–∞–¥–∞—á–∫–∏ –ø–æ OSINT,¬†–ø–æ–∏—Å–∫—É —É—è–∑–≤–∏–º–æ—Å—Ç–µ–π,¬†–∫—Ä–∏–ø—Ç–æ–≥—Ä–∞—Ñ–∏–∏,¬†Android,¬†–±–µ–∑–æ–ø–∞—Å–Ω–æ—Å—Ç–∏ Web,¬†reverse engineering –∏ –¥—Ä—É–≥–æ–º—É https://t.co/tlqSlnmGwV pic.twitter.com/o1fm3qVz4L
‚Äî Sergey Borisov (@sb0risov) March 1, 2019","–ù–∞ –∫–æ–Ω—Ñ–µ—Ä–µ–Ω—Ü–∏–∏ –§–°–¢–≠–ö –º–µ—Å—Ç –Ω–µ—Ç —É–∂–µ –≤ 10 —É—Ç—Ä–∞. –ö–æ–º—É-—Ç–æ —Å—Ç–æ—è—Ç—å –¥–æ 6 –≤–µ—á–µ—Ä–∞ pic.twitter.com/zCHEOzeyl7
‚Äî Alexey Lukatsky (@alukatsky) February 13, 2019","pic.twitter.com/AXCRQ0nlW9
‚Äî Alexey Lukatsky (@alukatsky) December 29, 2018","–ê–≤—Å—Ç—Ä–∞–ª–∏—è —Ä–∞–∑—Ä–∞–±–æ—Ç–∞–ª–∞ –ø—Ä—É–¥–µ–Ω—Ü–∏–∞–ª—å–Ω—ã–π —Å—Ç–∞–Ω–¥–∞—Ä—Ç –¥–ª—è –±–æ—Ä—å–±—ã —Å –∫–∏–±–µ—Ä–∞—Ç–∞–∫–∞–º–∏ –¥–ª—è —Ñ–∏–Ω–∞–Ω—Å–æ–≤—ã—Ö –æ—Ä–≥–∞–Ω–∏–∑–∞—Ü–∏–π - https://t.co/mPVLbQFUql
‚Äî Alexey Lukatsky (@alukatsky) November 19, 2018","–≠—Ç–æ –ø—Ä–∏–∑–Ω–∞–Ω–∏–µ ü§° pic.twitter.com/VjOAqaHnxO
‚Äî Alexey Lukatsky (@alukatsky) October 6, 2018","–í–∑–ª–æ–º Equifax: —Ä–∞–∑–±–æ—Ä –ø–æ–ª–µ—Ç–æ–≤ https://t.co/hkKUsAVEuz
‚Äî Alexey Lukatsky (@alukatsky) September 10, 2018","–•–∞–∫–µ—Ä—Å–∫–∞—è –¥—é–∂–∏–Ω–∞ // –°–®–ê –≤–ø–µ—Ä–≤—ã–µ –æ–ø—É–±–ª–∏–∫–æ–≤–∞–ª–∏ –æ—Ç—á–µ—Ç —Å ¬´–¥–æ–∫–∞–∑–∞—Ç–µ–ª—å—Å—Ç–≤–∞–º–∏¬ª —Ä–æ—Å—Å–∏–π—Å–∫–æ–≥–æ –≤–º–µ—à–∞—Ç–µ–ª—å—Å—Ç–≤–∞ https://t.co/sW54S1oeNH
‚Äî Elena Chernenko (@ElenaChernenko) July 13, 2018","–î–ª—è –ª–∏—Ü, –∫–æ—Ç–æ—Ä—ã–º –ø–æ—Ä—É—á–µ–Ω–∞ –æ–±—Ä–∞–±–æ—Ç–∫–∞ #–ü–î–Ω, –∑–∞ –Ω–∞—Ä—É—à–µ–Ω–∏–µ —Ç—Ä–µ–±–æ–≤–∞–Ω–∏–π –∑–∞–∫–æ–Ω–æ–¥–∞—Ç–µ–ª—å—Å—Ç–≤–∞ –º–æ–≥—É—Ç –≤–≤–µ—Å—Ç–∏ —à—Ç—Ä–∞—Ñ—ã:
–æ—Ç 3 –¥–æ 5 —Ç—ã—Å. —Ä—É–±. –¥–ª—è –≥—Ä–∞–∂–¥–∞–Ω;
–æ—Ç 5 –¥–æ 15 —Ç—ã—Å. —Ä—É–±. ‚Äì –¥–ª—è –¥–æ–ª–∂–Ω–æ—Å—Ç–Ω—ã—Ö –ª–∏—Ü;
–æ—Ç 10 –¥–æ 20 —Ç—ã—Å. —Ä—É–±. ‚Äì –¥–ª—è –ò–ü;
–æ—Ç 15 –¥–æ 30 —Ç—ã—Å. —Ä—É–±. ‚Äì –¥–ª—è —é—Ä–ª–∏—Ü. https://t.co/IWwJ9xTPLR‚Äî –ê–ª–µ–∫—Å–µ–π –ö–æ–º–∞—Ä–æ–≤ (@zlonov) June 8, 2018","–î–∞—à–±–æ—Ä–¥—ã –ø–æ –ò–ë –¥–ª—è —Ä—É–∫–æ–≤–æ–¥—Å—Ç–≤–∞: –∫–∞–∫ –ø–æ–ª—É—á–∏—Ç—å —Ñ–∏–Ω–∞–ª—å–Ω—ã–π –≤–∞—Ä–∏–∞–Ω—Ç? https://t.co/SgwWkzLARE
‚Äî Alexey Lukatsky (@alukatsky) May 4, 2018",–í–æ–∑–º–æ–∂–Ω–æ –Ω–∞ —ç—Ç–æ–π –Ω–µ–¥–µ–ª–µ –¢–µ–ª–µ–≥—Ä–∞–º –≤—Å–µ-—Ç–∞–∫–∏ –∑–∞–±–ª–æ–∫–∏—Ä—É—é—Ç,"Kaspersky Lab Offers $100,000 for Critical Vulnerabilities: https://t.co/QsZY2Dg81E
‚Äî SecurityWeek (@SecurityWeek) March 6, 2018","–ü—Ä–µ–∑–µ–Ω—Ç–∞—Ü–∏—è –ê–ª–µ–∫—Å–µ—è –õ—É–∫–∞—Ü–∫–æ–≥–æ (@alukatsky) ""–£—Ä–∞–ª—å—Å–∫–∏–π —Ñ–æ—Ä—É–º –∑–∞ 15 –º–∏–Ω—É—Ç"". –ß–∞—Å—Ç—å —Ç—Ä–µ—Ç—å—è (–ø—Ä–æ —Ü–∏—Ñ—Ä–æ–≤—É—é —ç–∫–æ–Ω–æ–º–∏–∫—É –¥–ª—è —Ñ–∏–Ω–∞–Ω—Å–æ–≤—ã—Ö –æ—Ä–≥–∞–Ω–∏–∑–∞—Ü–∏–π): https://t.co/qdQetGxytl
‚Äî NBJ (@NBJ_Russia) February 16, 2018","–ò–Ω—Ç–µ—Ä–µ—Å–Ω—ã–µ –Ω–∞–±–ª—é–¥–µ–Ω–∏—è –∑–∞ —Å—Ç–∞—Ç–∏—Å—Ç–∏–∫–æ–π –º–æ–µ–≥–æ –∫–∞–Ω–∞–ª–∞ –≤ –¢–µ–ª–µ–≥—Ä–∞–º–µ https://t.co/VO5If33aZO
‚Äî Alexey Lukatsky (@alukatsky) February 5, 2018","–ù–∞–ø–æ–º–Ω—é: –æ—Å—Ç–∞–ª–æ—Å—å —Ç—Ä–∏ —Å –ø–æ–ª–æ–≤–∏–Ω–æ–π –¥–Ω—è –¥–ª—è –ø—Ä–µ–¥–∑–∞–∫–∞–∑–∞ –ö–æ–¥ –ò–ë –ü—Ä–æ—Ñ–∏ 2018 —Å–æ —Å–∫–∏–¥–∫–æ–π 15% https://t.co/gu44FtjTkN #CodeIB
‚Äî –ê–ª–µ–∫—Å–µ–π –ö–æ–º–∞—Ä–æ–≤ (@zlonov) December 28, 2017","–ü—Ä–∏–∫–∞–∑ ‚Ññ1 –ú–∏–Ω–∫–æ–º—Å–≤—è–∑–∏ —Å —Ç—Ä–µ–±–æ–≤–∞–Ω–∏—è–º–∏ –ø–æ –∑–∞—â–∏—Ç–µ —Å–µ—Ç–µ–π —Å–≤—è–∑–∏ –æ—Ç –ù–°–î 2008-–≥–æ –≥–æ–¥–∞ —Ç–æ–∂–µ –∂–¥–µ—Ç –∏–∑–º–µ–Ω–µ–Ω–∏–µ –≤ —Å–∫–æ—Ä–æ–º –≤—Ä–µ–º–µ–Ω–∏ http://pic.twitter.com/HvZz7joYXi
‚Äî Alexey Lukatsky (@alukatsky) December 5, 2017","–ê–Ω–µ–∫–¥–æ—Ç –æ—Ç @anton_chuvakin
–í–µ–Ω–¥–æ—Ä: –ù–∞—à –ø—Ä–æ–¥—É–∫—Ç –ª–æ–≤–∏—Ç –≤—Å–µ –ø—Ä–æ–¥–≤–∏–Ω—É—Ç—ã–µ –∞—Ç–∞–∫–∏!
–ö–ª–∏–µ–Ω—Ç: –í–∞—à –ø—Ä–æ–¥—É–∫—Ç –ø—Ä–æ–ø—É—Å—Ç–∏–ª –≤–æ—Ç —ç—Ç—É –∞—Ç–∞–∫—É –∏ –≤–æ—Ç —ç—Ç—É ;-(
–í–µ–Ω–¥–æ—Ä: –ó–Ω–∞—á–∏—Ç —ç—Ç–∏ –∞—Ç–∞–∫–∏ –Ω–µ –ø—Ä–æ–¥–≤–∏–Ω—É—Ç—ã–µ!
;-) http://pic.twitter.com/41OzeH6aW6‚Äî Alexey Lukatsky (@alukatsky) November 16, 2017","–°–ª–µ–¥—Å—Ç–≤–µ–Ω–Ω—ã–º –¥–µ–ø–∞—Ä—Ç–∞–º–µ–Ω—Ç–æ–º –∑–∞–≤–µ—Ä—à–µ–Ω–æ —Ä–∞—Å—Å–ª–µ–¥–æ–≤–∞–Ω–∏–µ —É–≥–æ–ª–æ–≤–Ω–æ–≥–æ –¥–µ–ª–∞ –æ –Ω–µ–ø—Ä–∞–≤–æ–º–µ—Ä–Ω–æ–º –¥–æ—Å—Ç—É–ø–µ‚Ä¶ https://t.co/CuO6dxcHUH
‚Äî –£–ø—Ä–∞–≤–ª–µ–Ω–∏–µ ¬´–ö¬ª –ú–í–î (@MvdCybercop) October 31, 2017","–ò–°–û: –°—Ç–∞–Ω–¥–∞—Ä—Ç, —Ä–∞—Å—à–∏—Ä—è—é—â–∏–π —Å–∏—Å—Ç–µ–º—É –º–µ–Ω–µ–¥–∂–º–µ–Ω—Ç–∞ –∏–Ω—Ñ–æ–±–µ–∑–æ–ø–∞—Å–Ω–æ—Å—Ç–∏ –Ω–∞ –∑–∞—â–∏—Ç—É –ø–µ—Ä—Å–æ–Ω–∞–ª—å–Ω—ã—Ö –¥–∞–Ω–Ω—ã—Ö, https://t.co/8ipDOGtdup
‚Äî –ù–∞—Ç–∞—à–∞ –•—Ä–∞–º—Ü–æ–≤—Å–∫–∞—è (@RusRIM) October 9, 2017","–ó–∞–º—É—Ç–∏–ª–∏ –Ω–æ–≤—ã–π —Ä–æ–ª–∏–∫ –∏–∑ —Å–µ—Ä–∏–∏ ""–ê–Ω–∞—Ç–æ–º–∏—è –∞—Ç–∞–∫–∏"". –¢–µ–ø–µ—Ä—å –ø—Ä–æ –ò–Ω—Ç–µ—Ä–Ω–µ—Ç –≤–µ—â–µ–π - https://t.co/IdIH8G4q63 ...–ø–æ–∫–∞ –Ω–∞ –∞–Ω–≥–ª–∏–π—Å–∫–æ–º
‚Äî Alexey Lukatsky (@alukatsky) September 18, 2017","–ü—Ä–æ–µ–∫—Ç –Ω–æ–≤–æ–π –æ—Ç—á–µ—Ç–Ω–æ—Å—Ç–∏ –¶–ë –ø–æ –≤–æ–ø—Ä–æ—Å–∞–º –∑–∞—â–∏—Ç—ã –∏–Ω—Ñ–æ—Ä–º–∞—Ü–∏–∏ (–Ω–æ–≤–∞—è –≤–µ—Ä—Å–∏—è 2831-–£) - https://t.co/NBhaAmaBGi
‚Äî Alexey Lukatsky (@alukatsky) August 28, 2017"
